Dental Services Pricelist for Government sector (Article 11),,,,,,,,,,,
Admitted / Non admitted,SBSCode,SBS code -Hyphenated ,Short Description,Long Description,Block ,Block Description ,Chapter ,Chapter Description ,Department/ Specialty,Price,
Non-admitted,970110000,97011-00-00,Comprehensive oral exam,Comprehensive oral examination,450,Dental examination,6,Dental services ,Oral Medicine & Diagnostics,150,
Non-admitted,970120000,97012-00-00,Periodic oral exam,Periodic oral examination,450,Dental examination,6,Dental services ,Oral Medicine & Diagnostics,100,
Non-admitted,970130000,97013-00-00,Limited oral exam ,Limited oral examination,450,Dental examination,6,Dental services ,Oral Medicine & Diagnostics,100,
Non-admitted,970110010,97011-00-10,Oral exam; post operative re-evaluation,Oral examination; post operative re-evaluation,450,Dental examination,6,Dental services ,Oral Medicine & Diagnostics,100,
Non-admitted,970110040,97011-00-40,Oral eval; under three years of age,Oral evaluation for a patient under three years of age and counselling with primary caregiver,450,Dental examination,6,Dental services ,Oral Medicine & Diagnostics,100,
Non-admitted,970110030,97011-00-30,"Re-eval limited, problem focused","Re-evaluation - limited, problem focused (established patient; not post-operative visit)",450,Dental examination,6,Dental services ,Oral Medicine & Diagnostics,100,
Non-admitted,979150010,97915-00-10,Emergency oral eval ,Emergency oral evaluation ,484,Dental emergency,6,Dental services ,Oral Medicine & Diagnostics,100,
Non-admitted,970140000,97014-00-00,Dental consult,Dental consultation,450,Dental examination,6,Dental services ,Oral Medicine & Diagnostics,100,
Non-admitted,970150000,97015-00-00,"Dental consult, extended","Dental consultation, extended",450,Dental examination,6,Dental services ,Oral Medicine & Diagnostics,100,
Non-admitted,970140010,97014-00-10,Dental consult via telephone,Dental consultation via telephone,450,Dental examination,6,Dental services ,Oral Medicine & Diagnostics,100,
Non-admitted,970590010,97059-00-10,Comprehensive cancer exam & risk assessment; Head & neck ,Comprehensive cancer examination and risk assessment of head and neck by a dental surgeon,450,Dental examination,6,Dental services ,Oral Medicine & Diagnostics,250,
Non-admitted,970720000,97072-00-00,"Photographic records, intraoral","Photographic records, intraoral",452,Other dental diagnostic services,6,Dental services ,Oral Medicine & Diagnostics,120,
Non-admitted,970730000,97073-00-00,"Photographic records, extraoral","Photographic records, extraoral",452,Other dental diagnostic services,6,Dental services ,Oral Medicine & Diagnostics,120,
Non-admitted,970730010,97073-00-10,3D photography dental,3-Dimensional photography dental,452,Other dental diagnostic services,6,Dental services ,Oral Medicine & Diagnostics,3000,
Non-admitted,970220010,97022-00-10,"Intraoral periapical radiography, per exposure","Intraoral periapical radiography, per exposure",451,Dental radiological examination and interpretation,6,Dental services ,Oral Medicine & Diagnostics,120,
Non-admitted,970220020,97022-00-20,"Intraoral bitewing radiography, per exposure","Intraoral bitewing radiography, per exposure",451,Dental radiological examination and interpretation,6,Dental services ,Oral Medicine & Diagnostics,120,
Non-admitted,970250000,97025-00-00,"Intraoral occlusal radiography, per exposure","Intraoral occlusal radiography, per exposure",451,Dental radiological examination and interpretation,6,Dental services ,Oral Medicine & Diagnostics,120,
Non-admitted,579330010,57933-00-10,"Posterior dental radiograph, extraoral","Posterior dental radiograph, extraoral",1967,Radiography of head or neck,20,Imaging services ,Oral Medicine & Diagnostics,400,
Non-admitted,909010130,90901-01-30,"MRI head, W/O followed by W/ contrast ","MRI head, without followed by with contrast ",2015,Magnetic resonance imaging,20,Imaging services ,Oral Medicine & Diagnostics,1000,
Non-admitted,970390010,97039-00-10,CBCT of jaw; limited; 1 jaw,"Cone beam Computerised Tomography of jaw, limited view (less than a jaw) ; each jaw",451,Dental radiological examination and interpretation,6,Dental services ,Oral Medicine & Diagnostics,800,
Non-admitted,970390020,97039-00-20,CBCT of 1 Jaw W or W/o Cranium,Cone beam Computerised Tomography of single jaw (maxilla or mandible); with or without cranium,451,Dental radiological examination and interpretation,6,Dental services ,Oral Medicine & Diagnostics,800,
Non-admitted,970390030,97039-00-30,CBCT of both jaws W or W/O Cranium,Cone beam Computerised Tomography of both jaws (Maxilla and mandible); with or without cranium,451,Dental radiological examination and interpretation,6,Dental services ,Oral Medicine & Diagnostics,800,
Non-admitted,970830020,97083-00-20,CBVT analysis and/or interpretation; (single arch),Cone Beam Volumetric Tomography analysis and/or interpretation (single arch),452,Other dental diagnostic services,6,Dental services ,Oral Medicine & Diagnostics,2500,
Non-admitted,970830030,97083-00-30,CBVT analysis and/or interpretation; (both arches),Cone Beam Volumetric Tomography analysis and/or interpretation; both maxillary and mandibular dentition (both arches),452,Other dental diagnostic services,6,Dental services ,Oral Medicine & Diagnostics,2500,
Non-admitted,970830040,97083-00-40,CBVT analysis and/or interpretation; TMJ only,Cone Beam Volumetric Tomography analysis and/or interpretation; Temporomandibular joint only,452,Other dental diagnostic services,6,Dental services ,Oral Medicine & Diagnostics,2500,
Non-admitted,970830050,97083-00-50,CBVT analysis and/or interpretation; orofacial structures,Cone Beam Volumetric Tomography analysis and/or interpretation; maxillofacial structures,452,Other dental diagnostic services,6,Dental services ,Oral Medicine & Diagnostics,2500,
Non-admitted,597510010,59751-00-10,"TMJ arthrogram, w/ injection","Temporomandibular joint arthrogram, including injection",1985,Arthrography,20,Imaging services ,Oral Medicine & Diagnostics,1000,
Non-admitted,970140020,97014-00-20,Analysis and interpretation of a radiological report,Analysis and interpretation of a radiological report,450,Dental examination,6,Dental services ,Oral Medicine & Diagnostics,150,
Non-admitted,901400010,90140-00-10,Sialoendoscopy,Endoscopy of salivary gland,399,Other procedures on salivary gland or duct,5,"Procedures on nose, mouth and pharynx ",Oral Medicine & Diagnostics,3000,
Non-admitted,970810000,97081-00-00,Cephalometric analysis & interpretation,Cephalometric analysis and interpretation,452,Other dental diagnostic services,6,Dental services ,Oral Medicine & Diagnostics,800,
Non-admitted,970860000,97086-00-00,EMG analysis,Electromyographic analysis,452,Other dental diagnostic services,6,Dental services ,Oral Medicine & Diagnostics,320,
Non-admitted,970830000,97083-00-00,Tomographic survey,Tomographic survey,452,Other dental diagnostic services,6,Dental services ,Oral Medicine & Diagnostics,1600,
Non-admitted,970820000,97082-00-00,Tooth-jaw size prediction analysis,Tooth-jaw size prediction analysis,452,Other dental diagnostic services,6,Dental services ,Oral Medicine & Diagnostics,1500,
Non-admitted,550280020,55028-00-20,Maxillofacial U/S capture and interpretation,Maxillofacial ultrasound capture and interpretation,1940,Ultrasound of head or neck,20,Imaging services ,Oral Medicine & Diagnostics,600,
Non-admitted,909040010,90904-00-10,Fusion of two or more 3D image volumes of one or more modalities,Fusion of two or more 3-Dimensional image volumes of one or more modalities,2016,Other imaging services,20,Imaging services ,Oral Medicine & Diagnostics,600,
Non-admitted,970710000,97071-00-00,Preparation of dental diagnostic cast,Preparation of dental diagnostic cast,452,Other dental diagnostic services,6,Dental services ,Oral Medicine & Diagnostics,450,
Non-admitted,970710010,97071-00-10,Diagnostic wax-up,Diagnostic wax-up,452,Other dental diagnostic services,6,Dental services ,Oral Medicine & Diagnostics,850,
Non-admitted,970710020,97071-00-20,3D Simulation dental treatment planning for orthodontic procedures,3D (Three Dimensional) Simulation dental treatment planning for orthodontic procedures,452,Other dental diagnostic services,6,Dental services ,Oral Medicine & Diagnostics,400,
Non-admitted,979630000,97963-00-00,Clinical occlusal analysis including muscle and joint palpation,Clinical occlusal analysis including muscle and joint palpation,489,Occlusal therapy,6,Dental services ,Oral Medicine & Diagnostics,800,
Non-admitted,979640000,97964-00-00,Registration and mounting of model for occlusal analysis,Registration and mounting of model for occlusal analysis,489,Occlusal therapy,6,Dental services ,Oral Medicine & Diagnostics,350,
Non-admitted,970480120,97048-01-20,Caries risk assessment,Caries risk assessment,452,Other dental diagnostic services,6,Dental services ,Oral Medicine & Diagnostics,200,
Non-admitted,970480110,97048-01-10,Non-ionizing cavity detection procedure,Non-ionizing cavity detection procedure,452,Other dental diagnostic services,6,Dental services ,Oral Medicine & Diagnostics,150,
Non-admitted,970610000,97061-00-00,"Pulp testing, 1 tooth","Pulp vitality test, 1 tooth",452,Other dental diagnostic services,6,Dental services ,Oral Medicine & Diagnostics,180,
Non-admitted,970140030,97014-00-30,Glucose strip test in dental office,"Glucose strip test in office, for emergency dental procedure",450,Dental examination,6,Dental services ,Oral Medicine & Diagnostics,79,
Non-admitted,970430000,97043-00-00,Dental antibiotic sensitivity test,Dental antibiotic sensitivity test,452,Other dental diagnostic services,6,Dental services ,Oral Medicine & Diagnostics,308,
Non-admitted,970440000,97044-00-00,"Dental noninvas specimen collection, pathology examination","Dental non invasive specimen  (blood, pus, liquid, saliva) collection for pathology examination",452,Other dental diagnostic services,6,Dental services ,Oral Medicine & Diagnostics,100,
Non-admitted,970520000,97052-00-00,Dental histopathological exam of tissue,Dental histopathological examination of tissue,452,Other dental diagnostic services,6,Dental services ,Oral Medicine & Diagnostics,100,
Non-admitted,970140050,97014-00-50,Consultation on slides prepared elsewhere,Consultation on slides prepared elsewhere,450,Dental examination,6,Dental services ,Oral Medicine & Diagnostics,650,
Non-admitted,970140060,97014-00-60,"Consultation, including preparation of slides from biopsy material supplied by referring source","Consultation, including preparation of slides from biopsy material (supplied by referring physician)",450,Dental examination,6,Dental services ,Oral Medicine & Diagnostics,1000,
Non-admitted,970480100,97048-01-00,Bacteriological screening test,Bacteriological screening test,452,Other dental diagnostic services,6,Dental services ,Oral Medicine & Diagnostics,100,
Non-admitted,970140040,97014-00-40,HbA1c in-office point of service testing,HbA1c (Hemoglobin A1C) in-office point of service testing,450,Dental examination,6,Dental services ,Oral Medicine & Diagnostics,300,
Admitted/non-admitted ,979150020,97915-00-20,Nurse intervention for patient in distress,Nurse intervention for patient in distress,484,Dental emergency,6,Dental services ,Oral Medicine & Diagnostics,1000,
Non-admitted,970890010,97089-00-10,Other and unsp Oral Medicine/ Oral Pathology procedure,Other and unspecified Oral Medicine/ Oral Pathology procedure,452,Other dental diagnostic services,6,Dental services ,Oral Medicine & Diagnostics,650,
Non-admitted,925094000,92509-40-00,"Administration of anesthesia, regional block, nerve of head or neck (not trigeminal) ASA 40","Administration of anesthesia, regional block, nerve of head or neck, other than trigeminal nerve division, ASA 40",1909,Conduction anaesthesia,19,"Non-invasive, cognitive and other interventions, not elsewhere classified**   ",Dental Anesthesiology,600,
Non-admitted,925094900,92509-49-00,"Administration of anesthesia, regional block, nerve of head or neck (not trigeminal) ASA 49","Administration of anesthesia, regional block, nerve of head or neck, other than trigeminal nerve division, ASA 49",1909,Conduction anaesthesia,19,"Non-invasive, cognitive and other interventions, not elsewhere classified**   ",Dental Anesthesiology,600,
Non-admitted,925095000,92509-50-00,"Administration of anesthesia, regional block, nerve of head or neck (not trigeminal) ASA 50","Administration of anesthesia, regional block, nerve of head or neck, other than trigeminal nerve division, ASA 50",1909,Conduction anaesthesia,19,"Non-invasive, cognitive and other interventions, not elsewhere classified**   ",Dental Anesthesiology,600,
Non-admitted,925095900,92509-59-00,"Administration of anesthesia, regional block, nerve of head or neck (not trigeminal) ASA 59","Administration of anesthesia, regional block, nerve of head or neck, other than trigeminal nerve division, ASA 59",1909,Conduction anaesthesia,19,"Non-invasive, cognitive and other interventions, not elsewhere classified**   ",Dental Anesthesiology,600,
Non-admitted,925096900,92509-69-00,"Administration of anesthesia, regional block, nerve of head or neck (not trigeminal) ASA 69","Administration of anesthesia, regional block, nerve of head or neck, other than trigeminal nerve division, ASA 69",1909,Conduction anaesthesia,19,"Non-invasive, cognitive and other interventions, not elsewhere classified**   ",Dental Anesthesiology,600,
Non-admitted,925091010,92509-10-10,"Administration of anesthesia, trigeminal division block, regional block, nerve of head or neck ASA 10","Administration of anesthesia, trigeminal division block, regional block, nerve of head or neck, ASA 10",1909,Conduction anaesthesia,19,"Non-invasive, cognitive and other interventions, not elsewhere classified**   ",Dental Anesthesiology,600,
Non-admitted,925091910,92509-19-10,"Administration of anesthesia, trigeminal division block, regional block, nerve of head or neck ASA 19","Administration of anesthesia, trigeminal division block, regional block, nerve of head or neck, ASA 19",1909,Conduction anaesthesia,19,"Non-invasive, cognitive and other interventions, not elsewhere classified**   ",Dental Anesthesiology,600,
Non-admitted,925092010,92509-20-10,"Administration of anesthesia, trigeminal division block, regional block, nerve of head or neck ASA 20","Administration of anesthesia, trigeminal division block, regional block, nerve of head or neck, ASA 20",1909,Conduction anaesthesia,19,"Non-invasive, cognitive and other interventions, not elsewhere classified**   ",Dental Anesthesiology,600,
Non-admitted,925092910,92509-29-10,"Administration of anesthesia, trigeminal division block, regional block, nerve of head or neck ASA 29","Administration of anesthesia, trigeminal division block, regional block, nerve of head or neck, ASA 29",1909,Conduction anaesthesia,19,"Non-invasive, cognitive and other interventions, not elsewhere classified**   ",Dental Anesthesiology,600,
Non-admitted,925093010,92509-30-10,"Administration of anesthesia, trigeminal division block, regional block, nerve of head or neck ASA 30","Administration of anesthesia, trigeminal division block, regional block, nerve of head or neck, ASA 30",1909,Conduction anaesthesia,19,"Non-invasive, cognitive and other interventions, not elsewhere classified**   ",Dental Anesthesiology,600,
Non-admitted,925093910,92509-39-10,"Administration of anesthesia, trigeminal division block, regional block, nerve of head or neck ASA 39","Administration of anesthesia, trigeminal division block, regional block, nerve of head or neck, ASA 39",1909,Conduction anaesthesia,19,"Non-invasive, cognitive and other interventions, not elsewhere classified**   ",Dental Anesthesiology,600,
Non-admitted,925094010,92509-40-10,"Administration of anesthesia, trigeminal division block, regional block, nerve of head or neck ASA 40","Administration of anesthesia, trigeminal division block, regional block, nerve of head or neck, ASA 40",1909,Conduction anaesthesia,19,"Non-invasive, cognitive and other interventions, not elsewhere classified**   ",Dental Anesthesiology,600,
Non-admitted,925094910,92509-49-10,"Administration of anesthesia, trigeminal division block, regional block, nerve of head or neck ASA 49","Administration of anesthesia, trigeminal division block, regional block, nerve of head or neck, ASA 49",1909,Conduction anaesthesia,19,"Non-invasive, cognitive and other interventions, not elsewhere classified**   ",Dental Anesthesiology,600,
Non-admitted,925095010,92509-50-10,"Administration of anesthesia, trigeminal division block, regional block, nerve of head or neck ASA 50","Administration of anesthesia, trigeminal division block, regional block, nerve of head or neck, ASA 50",1909,Conduction anaesthesia,19,"Non-invasive, cognitive and other interventions, not elsewhere classified**   ",Dental Anesthesiology,600,
Non-admitted,925095910,92509-59-10,"Administration of anesthesia, trigeminal division block, regional block, nerve of head or neck ASA 59","Administration of anesthesia, trigeminal division block, regional block, nerve of head or neck, ASA 59",1909,Conduction anaesthesia,19,"Non-invasive, cognitive and other interventions, not elsewhere classified**   ",Dental Anesthesiology,600,
Non-admitted,925096910,92509-69-10,"Administration of anesthesia, trigeminal division block, regional block, nerve of head or neck ASA 69","Administration of anesthesia, trigeminal division block, regional block, nerve of head or neck, ASA 69",1909,Conduction anaesthesia,19,"Non-invasive, cognitive and other interventions, not elsewhere classified**   ",Dental Anesthesiology,600,
Non-admitted,925099010,92509-90-10,"Administration of anesthesia, trigeminal division block, regional block, nerve of head or neck ASA 90","Administration of anesthesia, trigeminal division block, regional block, nerve of head or neck, ASA 90",1909,Conduction anaesthesia,19,"Non-invasive, cognitive and other interventions, not elsewhere classified**   ",Dental Anesthesiology,600,
Non-admitted,925099910,92509-99-10,"Administration of anesthesia, trigeminal division block, regional block, nerve of head or neck ASA 99","Administration of anesthesia, trigeminal division block, regional block, nerve of head or neck, ASA 99",1909,Conduction anaesthesia,19,"Non-invasive, cognitive and other interventions, not elsewhere classified**   ",Dental Anesthesiology,600,
Non-admitted,925131900,92513-19-00,Infiltration of local anaes ASA 19,"Infiltration of local anaesthetic, ASA 19",1909,Conduction anaesthesia,19,"Non-invasive, cognitive and other interventions, not elsewhere classified**   ",Dental Anesthesiology,1000,
Non-admitted,925132000,92513-20-00,Infiltration of local anaes ASA 20,"Infiltration of local anaesthetic, ASA 20",1909,Conduction anaesthesia,19,"Non-invasive, cognitive and other interventions, not elsewhere classified**   ",Dental Anesthesiology,1000,
Non-admitted,925132900,92513-29-00,Infiltration of local anaes ASA 29,"Infiltration of local anaesthetic, ASA 29",1909,Conduction anaesthesia,19,"Non-invasive, cognitive and other interventions, not elsewhere classified**   ",Dental Anesthesiology,1000,
Non-admitted,925133000,92513-30-00,Infiltration of local anaes ASA 30,"Infiltration of local anaesthetic, ASA 30",1909,Conduction anaesthesia,19,"Non-invasive, cognitive and other interventions, not elsewhere classified**   ",Dental Anesthesiology,1000,
Non-admitted,925133900,92513-39-00,Infiltration of local anaes ASA 39,"Infiltration of local anaesthetic, ASA 39",1909,Conduction anaesthesia,19,"Non-invasive, cognitive and other interventions, not elsewhere classified**   ",Dental Anesthesiology,1000,
Non-admitted,925134000,92513-40-00,Infiltration of local anaes ASA 40,"Infiltration of local anaesthetic, ASA 40",1909,Conduction anaesthesia,19,"Non-invasive, cognitive and other interventions, not elsewhere classified**   ",Dental Anesthesiology,1000,
Non-admitted,925134900,92513-49-00,Infiltration of local anaes ASA 49,"Infiltration of local anaesthetic, ASA 49",1909,Conduction anaesthesia,19,"Non-invasive, cognitive and other interventions, not elsewhere classified**   ",Dental Anesthesiology,1000,
Non-admitted,925135000,92513-50-00,Infiltration of local anaes ASA 50,"Infiltration of local anaesthetic, ASA 50",1909,Conduction anaesthesia,19,"Non-invasive, cognitive and other interventions, not elsewhere classified**   ",Dental Anesthesiology,1000,
Non-admitted,925135900,92513-59-00,Infiltration of local anaes ASA 59,"Infiltration of local anaesthetic, ASA 59",1909,Conduction anaesthesia,19,"Non-invasive, cognitive and other interventions, not elsewhere classified**   ",Dental Anesthesiology,1000,
Non-admitted,925136900,92513-69-00,Infiltration of local anaes ASA 69,"Infiltration of local anaesthetic, ASA 69",1909,Conduction anaesthesia,19,"Non-invasive, cognitive and other interventions, not elsewhere classified**   ",Dental Anesthesiology,1000,
Admitted/non-admitted ,925141000,92514-10-00,"General anaesthesia, ASA 10","General anaesthesia, ASA 10",1910,Cerebral anaesthesia,19,"Non-invasive, cognitive and other interventions, not elsewhere classified**   ",Dental Anesthesiology,1000,
Admitted/non-admitted ,925141900,92514-19-00,"General anaesthesia, ASA 19","General anaesthesia, ASA 19",1910,Cerebral anaesthesia,19,"Non-invasive, cognitive and other interventions, not elsewhere classified**   ",Dental Anesthesiology,1000,
Admitted/non-admitted ,925142000,92514-20-00,"General anaesthesia, ASA 20","General anaesthesia, ASA 20",1910,Cerebral anaesthesia,19,"Non-invasive, cognitive and other interventions, not elsewhere classified**   ",Dental Anesthesiology,1000,
Admitted/non-admitted ,925142900,92514-29-00,"General anaesthesia, ASA 29","General anaesthesia, ASA 29",1910,Cerebral anaesthesia,19,"Non-invasive, cognitive and other interventions, not elsewhere classified**   ",Dental Anesthesiology,1000,
Admitted/non-admitted ,925143000,92514-30-00,"General anaesthesia, ASA 30","General anaesthesia, ASA 30",1910,Cerebral anaesthesia,19,"Non-invasive, cognitive and other interventions, not elsewhere classified**   ",Dental Anesthesiology,1000,
Admitted/non-admitted ,925143900,92514-39-00,"General anaesthesia, ASA 39","General anaesthesia, ASA 39",1910,Cerebral anaesthesia,19,"Non-invasive, cognitive and other interventions, not elsewhere classified**   ",Dental Anesthesiology,1000,
Admitted/non-admitted ,925144000,92514-40-00,"General anaesthesia, ASA 40","General anaesthesia, ASA 40",1910,Cerebral anaesthesia,19,"Non-invasive, cognitive and other interventions, not elsewhere classified**   ",Dental Anesthesiology,1000,
Admitted/non-admitted ,925144900,92514-49-00,"General anaesthesia, ASA 49","General anaesthesia, ASA 49",1910,Cerebral anaesthesia,19,"Non-invasive, cognitive and other interventions, not elsewhere classified**   ",Dental Anesthesiology,1000,
Admitted/non-admitted ,925145000,92514-50-00,"General anaesthesia, ASA 50","General anaesthesia, ASA 50",1910,Cerebral anaesthesia,19,"Non-invasive, cognitive and other interventions, not elsewhere classified**   ",Dental Anesthesiology,1000,
Admitted/non-admitted ,925145900,92514-59-00,"General anaesthesia, ASA 59","General anaesthesia, ASA 59",1910,Cerebral anaesthesia,19,"Non-invasive, cognitive and other interventions, not elsewhere classified**   ",Dental Anesthesiology,1000,
Admitted/non-admitted ,925146900,92514-69-00,"General anaesthesia, ASA 69","General anaesthesia, ASA 69",1910,Cerebral anaesthesia,19,"Non-invasive, cognitive and other interventions, not elsewhere classified**   ",Dental Anesthesiology,1000,
Admitted/non-admitted ,925149000,92514-90-00,"General anaesthesia, ASA 90","General anaesthesia, ASA 90",1910,Cerebral anaesthesia,19,"Non-invasive, cognitive and other interventions, not elsewhere classified**   ",Dental Anesthesiology,1000,
Admitted/non-admitted ,925149900,92514-99-00,"General anaesthesia, ASA 99","General anaesthesia, ASA 99",1910,Cerebral anaesthesia,19,"Non-invasive, cognitive and other interventions, not elsewhere classified**   ",Dental Anesthesiology,1000,
Admitted/non-admitted ,925154000,92515-40-00,"Sedation, ASA 40","Sedation, ASA 40",1910,Cerebral anaesthesia,19,"Non-invasive, cognitive and other interventions, not elsewhere classified**   ",Dental Anesthesiology,1000,
Admitted/non-admitted ,925154900,92515-49-00,"Sedation, ASA 49","Sedation, ASA 49",1910,Cerebral anaesthesia,19,"Non-invasive, cognitive and other interventions, not elsewhere classified**   ",Dental Anesthesiology,1000,
Admitted/non-admitted ,925155000,92515-50-00,"Sedation, ASA 50","Sedation, ASA 50",1910,Cerebral anaesthesia,19,"Non-invasive, cognitive and other interventions, not elsewhere classified**   ",Dental Anesthesiology,1000,
Admitted/non-admitted ,925156900,92515-69-00,"Sedation, ASA 69","Sedation, ASA 69",1910,Cerebral anaesthesia,19,"Non-invasive, cognitive and other interventions, not elsewhere classified**   ",Dental Anesthesiology,1000,
Non-admitted,971310000,97131-00-00,Dental dietary advice,Dental dietary advice,455,Other preventative dental service,6,Dental services ,Preventive,150,
Non-admitted,971420010,97142-00-10,Tobacco counselling,Tobacco counselling,455,Other preventative dental service,6,Dental services ,Preventive,150,
Non-admitted,971410000,97141-00-00,Oral hygiene instruction,Oral hygiene instruction,455,Other preventative dental service,6,Dental services ,Preventive,150,
Non-admitted,971110000,97111-00-00,Removal of plaque or stain of teeth,Removal of plaque or stain of teeth,453,Dental prophylaxis and bleaching,6,Dental services ,Preventive,600,
Non-admitted,971140000,97114-00-00,R/O calculus from surfaces of teeth and/or implants,Removal of calculus from the surfaces of teeth and/or implants,453,Dental prophylaxis and bleaching,6,Dental services ,Preventive,600,
Non-admitted,971150000,97115-00-00,R/O calculus from surfaces of teeth,Removal of calculus from surfaces of teeth – subsequent appointment,453,Dental prophylaxis and bleaching,6,Dental services ,Preventive,600,
Non-admitted,971160010,97116-00-10,Enamel micro-abrasion,Enamel micro-abrasion; per tooth,453,Dental prophylaxis and bleaching,6,Dental services ,Preventive,300,
Non-admitted,971170010,97117-00-10,"Bleaching, internal","Bleaching, internal; per tooth",453,Dental prophylaxis and bleaching,6,Dental services ,Preventive,700,
Non-admitted,971180010,97118-00-10,"Bleaching, external","Bleaching, external; per tooth",453,Dental prophylaxis and bleaching,6,Dental services ,Preventive,700,
Non-admitted,971190000,97119-00-00,"Bleaching, home application, per arch","Bleaching, home application, per arch",453,Dental prophylaxis and bleaching,6,Dental services ,Preventive,700,
Non-admitted,971210100,97121-01-00,"Topical application of remineralisation agent, 1 treatment","Topical application of remineralisation agent, 1 treatment",454,Topical application of remineralisation and/or cariostatic agent,6,Dental services ,Preventive,200,
Non-admitted,971210200,97121-02-00,"Top applicn of cariostatic agent, 1 treatment ","Topical application of cariostatic agent, 1 treatment",454,Topical application of remineralisation and/or cariostatic agent,6,Dental services ,Preventive,200,
Non-admitted,971230110,97123-01-10,Application of remineralisation or cariostatic agent,"Application of concentrated remineralisation or cariostatic agent, per tooth",454,Topical application of remineralisation and/or cariostatic agent,6,Dental services ,Preventive,200,
Non-admitted,971650100,97165-01-00,"Desensitising procedure, dental","Desensitising procedure, dental",455,Other preventative dental service,6,Dental services ,Preventive,170,
Non-admitted,971710010,97171-00-10,Odontoplasty,Odontoplasty; per tooth,455,Other preventative dental service,6,Dental services ,Preventive,300,
Non-admitted,971610010,97161-00-10,Fissure and/or surface sealing,Fissure and/or surface sealing; per tooth,455,Other preventative dental service,6,Dental services ,Preventive,200,
Non-admitted,979650000,97965-00-00,Fabrication of occlusal splint,Fabrication of occlusal splint,489,Occlusal therapy,6,Dental services ,Preventive,1000,
Non-admitted,979660000,97966-00-00,Adjustment of pre-existing occlusal splint,Adjustment of pre-existing occlusal splint,489,Occlusal therapy,6,Dental services ,Preventive,300,
Non-admitted,973100000,97310-00-00,Facilitating eruption of a malpositioned tooth,Facilitating eruption of a malpositioned tooth; by mobilization,455,Other preventative dental service,6,Dental services ,Preventive,1000,
Non-admitted,971790010,97179-00-10,Other and unsp Preventive dentistry procedure,Other and unspecified Preventive dentistry procedure,455,Other preventative dental service,6,Dental services ,Preventive,100,
Non-admitted,972210000,97221-00-00,"Clinical periodontal analysis & rcrd, full",Clinical periodontal analysis and recording (full mouth),456,Periodontic interventions,6,Dental services ,Periodontics,200,
Non-admitted,972210010,97221-00-10,"Comprehensive periodontal screening, maintenance visit","Comprehensive periodontal screening, maintenance visit",456,Periodontic interventions,6,Dental services ,Periodontics,350,
Non-admitted,972810010,97281-00-10,Generalized scaling & root planning; severe plaque & calculus deposition ,"Generalized scaling and root planning; severe plaque and calculus deposition, first appointment",456,Periodontic interventions,6,Dental services ,Periodontics,600,
Non-admitted,972220010,97222-00-10,Root planning/ subgingival curettage,Root planning with subgingival curettage; per tooth,456,Periodontic interventions,6,Dental services ,Periodontics,600,
Non-admitted,972810020,97281-00-20,Gingival irrigation,Gingival irrigation,456,Periodontic interventions,6,Dental services ,Periodontics,100,
Non-admitted,972130000,97213-00-00,Treatment of acute periodontal infection,Treatment of acute periodontal infection ,456,Periodontic interventions,6,Dental services ,Periodontics,600,
Non-admitted,974311000,97431-10-00,Periodontal curettage & debridement,Periodontal curettage & debridement,463,Periradicular surgery,6,Dental services ,Periodontics,600,
Non-admitted,972510010,97251-00-10,"Periodontal therapy; Supportive tx, per appointment","Periodontal therapy (supportive treatment), per appointment",456,Periodontic interventions,6,Dental services ,Periodontics,500,
Non-admitted,972810060,97281-00-60,"Scaling and debridement in the presence of inflammation or mucositis of an implant, including cleaning of the implant surfaces, without flap entry and closure; per implant","Scaling and debridement in the presence of inflammation or mucositis of an implant, including cleaning of the implant surfaces, without flap entry and closure; per implant",456,Periodontic interventions,6,Dental services ,Periodontics,600,
Non-admitted,973810010,97381-00-10,Surgical exposure of tooth,"Surgical exposure of tooth, unerupted",461,Other dental surgical procedure,6,Dental services ,Periodontics,2000,
Non-admitted,973820010,97382-00-10,Surgical exposure of impacted tooth/ placement of an orthodontic appliance,Surgical exposure of impacted (unerupted) tooth and placement of an orthodontic appliance,461,Other dental surgical procedure,6,Dental services ,Periodontics,500,
Non-admitted,973840010,97384-00-10,Repositioning displaced tooth,Repositioning of displaced tooth; per tooth,461,Other dental surgical procedure,6,Dental services ,Periodontics,500,
Admitted/non-admitted ,973850010,97385-00-10,Surgical repositioning of unerupted tooth,Surgical repositioning of unerupted tooth,461,Other dental surgical procedure,6,Dental services ,Periodontics,500,
Non-admitted,973860110,97386-01-10,Splinting of displaced tooth,Splinting of displaced tooth; per tooth,461,Other dental surgical procedure,6,Dental services ,Periodontics,500,
Non-admitted,979810000,97981-00-00,"Splint & stabilisation of tooth, direct","Splinting and stabilisation of tooth, direct",490,Miscellaneous dental services,6,Dental services ,Periodontics,500,
Non-admitted,973870010,97387-00-10,Replantation and splinting of tooth,Reimplantation and splinting of tooth; per tooth,461,Other dental surgical procedure,6,Dental services ,Periodontics,500,
Non-admitted,973880010,97388-00-10,Transplantation of tooth or tooth bud,Transplantation of tooth or tooth bud; per tooth or bud,461,Other dental surgical procedure,6,Dental services ,Periodontics,2000,
Non-admitted,972810030,97281-00-30,Custom-made trays for vesiculobullous disease,Custom-made trays for vesiculobullous disease,456,Periodontic interventions,6,Dental services ,Periodontics,1500,
Non-admitted,972810040,97281-00-40,Custom-made trays for periodontal disease,Custom-made trays for periodontal disease ,456,Periodontic interventions,6,Dental services ,Periodontics,300,
Non-admitted,972810050,97281-00-50,Admin of antimicrobial agents; localized delivery,Administration of antimicrobial agents; localized delivery,456,Periodontic interventions,6,Dental services ,Periodontics,200,
Non-admitted,972600100,97260-01-00,Admin of biologic materials to aid in soft & osseous tissue regeneration with periradicular surgery,"Administration of biologic materials to aid in soft and osseous tissue regeneration with periradicular surgery, per tooth",456,Periodontic interventions,6,Dental services ,Periodontics,1000,
Non-admitted,972600200,97260-02-00,"Treatment of peri-implant disease; surgical, per implant",Surgical treatment of peri-implant disease; per implant,456,Periodontic interventions,6,Dental services ,Periodontics,1000,
Non-admitted,972600310,97260-03-10,"Anatomical crown exposure, per arch","Anatomical crown exposure, per arch",456,Periodontic interventions,6,Dental services ,Periodontics,1000,
Non-admitted,972600400,97260-04-00,"Wedge procedure, mesial & distal","Wedge procedure, mesial and distal, per tooth",456,Periodontic interventions,6,Dental services ,Periodontics,1000,
Non-admitted,972360000,97236-00-00,Guided tissue regeneration,"Guided tissue regeneration, per tooth or implant",456,Periodontic interventions,6,Dental services ,Periodontics,1500,
Non-admitted,972370000,97237-00-00,Guided tissue regeneration membrane removal,"Guided tissue regeneration, membrane removal",456,Periodontic interventions,6,Dental services ,Periodontics,1500,
Non-admitted,972310000,97231-00-00,Gingivectomy = < 8 teeth,"Gingivectomy, up to 8 teeth",456,Periodontic interventions,6,Dental services ,Periodontics,1500,
Non-admitted,972310100,97231-01-00,Gingivectomy > 8 teeth,Gingivectomy more than 8 teeth,456,Periodontic interventions,6,Dental services ,Periodontics,2000,
Non-admitted,972310200,97231-02-00,Gingivectomy for restorative procedure,"Gingivectomy for restorative procedure, per tooth",456,Periodontic interventions,6,Dental services ,Periodontics,1000,
Non-admitted,972600510,97260-05-10,Recontour tissue; per appointment ,Recontour tissue; per appointment ,456,Periodontic interventions,6,Dental services ,Periodontics,1000,
Non-admitted,972380010,97238-00-10,"Periodontal flap proc, crown lengthening","Periodontal flap procedure for crown lengthening, per tooth",456,Periodontic interventions,6,Dental services ,Periodontics,1000,
Non-admitted,972320010,97232-00-10,"Periodontal flap procedure, per quadrant","Periodontal flap procedure, per quadrant",456,Periodontic interventions,6,Dental services ,Periodontics,700,
Non-admitted,972700010,97270-00-10,Transposition Flap (Small),Transposition Flap (Small),456,Periodontic interventions,6,Dental services ,Periodontics,700,
Non-admitted,972700110,97270-01-10,Transposition Flap (Moderate),Transposition Flap (Moderate),456,Periodontic interventions,6,Dental services ,Periodontics,700,
Non-admitted,972700120,97270-01-20,Rotation Flap (Moderate),Rotation Flap (Moderate),456,Periodontic interventions,6,Dental services ,Periodontics,700,
Non-admitted,972710000,97271-00-00,Apically positioned periodontal flap,Apically positioned periodontal flap,456,Periodontic interventions,6,Dental services ,Periodontics,1000,
Non-admitted,972710100,97271-01-00,Open flap/curettage surgery,Open flap/curettage surgery;  per tooth/implant ,456,Periodontic interventions,6,Dental services ,Periodontics,1000,
Non-admitted,972710200,97271-02-00,Pedicle soft tissue graft,Pedicle soft tissue graft,456,Periodontic interventions,6,Dental services ,Periodontics,2500,
Non-admitted,972351000,97235-10-00,"Auto connective tissue graft, implant or edentulous tooth area in graft site - Donor site","Auto connective tissue graft, implant or edentulous tooth area in graft site - Donor site",456,Periodontic interventions,6,Dental services ,Periodontics,2500,
Non-admitted,972352000,97235-20-00,"Auto connective tissue graft, implant or edentulous tooth area in graft site - Recipient site","Auto connective tissue graft, implant or edentulous tooth area in graft site - Recipient site",456,Periodontic interventions,6,Dental services ,Periodontics,2500,
Non-admitted,972354010,97235-40-10,"Non-autogenous connective tissue graft each tooth, implant or edentulous tooth area in graft site, donor site","Non-autogenous connective tissue graft each tooth, implant or edentulous tooth area in graft site; Donor site",456,Periodontic interventions,6,Dental services ,Periodontics,2500,
Non-admitted,972354020,97235-40-20,"Non-autogenous connective tissue graft each tooth, implant or edentulous tooth area in graft site; Recipient site","Non-autogenous connective tissue graft each tooth, implant or edentulous tooth area in graft site; Recipient site",456,Periodontic interventions,6,Dental services ,Periodontics,2500,
Non-admitted,972353500,97235-35-00,"Connective tissue & double pedicle graft, combined procedure","Connective tissue & double pedicle graft, combined procedure",456,Periodontic interventions,6,Dental services ,Periodontics,2500,
Non-admitted,972355010,97235-50-10,"Free soft tissue graft each tooth, implant or edentulous tooth area in graft site; Donor site","Free soft tissue graft each tooth, implant or edentulous tooth area in graft site; donor site",456,Periodontic interventions,6,Dental services ,Periodontics,2500,
Non-admitted,972355020,97235-50-20,"Free soft tissue graft each tooth, implant or edentulous tooth area in graft site; Recipient site","Free soft tissue graft each tooth, implant or edentulous tooth area in graft site; recipient site",456,Periodontic interventions,6,Dental services ,Periodontics,2500,
Non-admitted,972340010,97234-00-10,Alveolar osseous grft,Alveolar osseous graft,456,Periodontic interventions,6,Dental services ,Periodontics,2500,
Non-admitted,972440000,97244-00-00,"Bone graft; natural, per site/tooth/implant","Bone graft, natural tooth site, per site or tooth or implant ",456,Periodontic interventions,6,Dental services ,Periodontics,2000,
Non-admitted,972440020,97244-00-20,"Bone graft for implant placement, combined procedure",Bone graft for implant placement; combined procedure,456,Periodontic interventions,6,Dental services ,Periodontics,1000,
Non-admitted,972440010,97244-00-10,Peri-implant bone graft for repair of defect,Peri-implant bone graft for repair of defect without flap entry and closure,456,Periodontic interventions,6,Dental services ,Periodontics,1000,
Non-admitted,972810070,97281-00-70,Peri-implant debridement and osseous contouring procedure,"Peri-implant debridement and osseous contouring procedure of defects surrounding a single implant, including flap entry and closure",456,Periodontic interventions,6,Dental services ,Periodontics,1000,
Non-admitted,972330010,97233-00-10,Alveolar osseous procedure,Alveolar osseous procedure; per tooth,456,Periodontic interventions,6,Dental services ,Periodontics,2500,
Non-admitted,972430000,97243-00-00,Bone replacement graft for ridge preservation - per site,Bone replacement graft for ridge preservation - per site,456,Periodontic interventions,6,Dental services ,Periodontics,4000,
Non-admitted,972810000,97281-00-00,"Nonsurgical periodontal treatment, NEC","Nonsurgical periodontal treatment, not elsewhere classified",456,Periodontic interventions,6,Dental services ,Periodontics,300,
Non-admitted,972450000,97245-00-00,"Surgical periodontal procedure, NEC ","Surgical periodontal procedure, not elsewhere classified ",456,Periodontic interventions,6,Dental services ,Periodontics,600,
Non-admitted,980010000,98001-00-00,Therapeutic restoration primary teeth < 12 years,"Interim therapeutic restoration for primary dentition, for children less than 12 years",490,Miscellaneous dental services,6,Dental services ,Pedodontics ,500,
Non-admitted,974140010,97414-00-10,"Pulpotomy for immature permanent, primary dentition","Pulpotomy for immature permanent, primary dentition",462,Pulp treatment,6,Dental services ,Pedodontics ,500,
Non-admitted,974210000,97421-00-00,Resorbable root canal filling prim tooth,"Resorbable root canal filling, primary tooth",462,Pulp treatment,6,Dental services ,Pedodontics ,1000,
Non-admitted,976180400,97618-04-00,"Prefabricated stainless steel crown, primary tooth",Prefabricated stainless steel crown for primary tooth; per crown,470,Crown,6,Dental services ,Pedodontics ,700,
Non-admitted,980020000,98002-00-00,R/O of primary tooth or part(s) thereof,Extraction (removal) of primary tooth or part(s) thereof,490,Miscellaneous dental services,6,Dental services ,Pedodontics ,300,
Non-admitted,980030011,98003-00-11,"Fixed space maintainer placement, uni","Fixed space maintainer placement, unilateral",490,Miscellaneous dental services,6,Dental services ,Pedodontics ,1000,
Non-admitted,980030012,98003-00-12,Fixed space maintainer placement; bil,Fixed space maintainer placement; bilateral,490,Miscellaneous dental services,6,Dental services ,Pedodontics ,1000,
Non-admitted,980060010,98006-00-10,Distal shoe appliance placement,Distal shoe appliance placement,490,Miscellaneous dental services,6,Dental services ,Pedodontics ,1500,
Non-admitted,980040011,98004-00-11,Removable space maintainer placement; uni,"Removable space maintainer placement, unilateral",490,Miscellaneous dental services,6,Dental services ,Pedodontics ,1000,
Non-admitted,980040012,98004-00-12,Removable space maintainer placement; bil,"Removable space maintainer placement, bilateral",490,Miscellaneous dental services,6,Dental services ,Pedodontics ,1500,
Non-admitted,980030110,98003-01-10,Space maintainer re-cementation,Space maintainer re-cementation,490,Miscellaneous dental services,6,Dental services ,Pedodontics ,200,
Non-admitted,980030210,98003-02-10,Fixed space maintainer removal,Removal of fixed space maintainer,490,Miscellaneous dental services,6,Dental services ,Pedodontics ,200,
Non-admitted,974110010,97411-00-10,Direct pulp capping,Direct pulp capping,462,Pulp treatment,6,Dental services ,Endodontics,200,
Non-admitted,974110100,97411-01-00,Indirect pulp capping,Indirect pulp capping,462,Pulp treatment,6,Dental services ,Endodontics,200,
Non-admitted,974140100,97414-01-00,"Partial pulpotomy, permanent",Partial pulpotomy permanent tooth,462,Pulp treatment,6,Dental services ,Endodontics,500,
Non-admitted,974200100,97420-01-00,"Root canal treatment, anterior","Root canal treatment, anterior (includes extirpation of pulp, chemomechanical preparation, obturation)",462,Pulp treatment,6,Dental services ,Endodontics,1500,
Non-admitted,974200200,97420-02-00,"Root canal treatment, premolar","Root canal treatment, premolar (includes extirpation of pulp, chemomechanical preparation, obturation)",462,Pulp treatment,6,Dental services ,Endodontics,1500,
Non-admitted,974200300,97420-03-00,"Root canal treatment, molar","Root canal treatment, molar (includes extirpation of pulp, chemomechanical preparation, obturation)",462,Pulp treatment,6,Dental services ,Endodontics,1500,
Non-admitted,974150010,97415-00-10,Complete chemomechanical preparation of root canal,Chemomechanical preparation of root canal,462,Pulp treatment,6,Dental services ,Endodontics,1500,
Non-admitted,974160010,97416-00-10,"Complete chemomechanical preparation of root canal, any additional canal (add on code)",Complete chemomechanical preparation of root canal; any additional canal (beyond the usual number of roots per tooth) (add on code),462,Pulp treatment,6,Dental services ,Endodontics,1500,
Non-admitted,974170010,97417-00-10,Root canal obturation,Root canal obturation,462,Pulp treatment,6,Dental services ,Endodontics,500,
Non-admitted,974180010,97418-00-10,Root canal obturation; each additional canal (add on code),Root canal obturation; any additional canal (beyond the usual number of roots per tooth) (add on code),462,Pulp treatment,6,Dental services ,Endodontics,600,
Non-admitted,974190010,97419-00-10,Extirpation of pulp or debridement of root canal(s),"Extirpation of pulp or debridement of root canal(s), emergency or palliative procedure",462,Pulp treatment,6,Dental services ,Endodontics,1500,
Non-admitted,974191000,97419-10-00,"Extirpation of pulp or debridement of root canal(s), additional root canal","Extirpation of pulp or debridement of root canal(s), emergency or palliative procedure for any additional root canal (beyond the usual number of roots per tooth), add on code",462,Pulp treatment,6,Dental services ,Endodontics,1500,
Non-admitted,974550010,97455-00-10,Irrigation and dressing (intracanal medication/medicament) of root canal system,Irrigation and dressing (intracanal medication/medicament) of root canal system,464,Other endodontic service,6,Dental services ,Endodontics,part of main service and / or follow ups,
Non-admitted,974450010,97445-00-10,Exploration or negotiation of calcified root canal,Exploration or negotiation of calcified root canal,464,Other endodontic service,6,Dental services ,Endodontics,part of main service and / or follow ups,
Non-admitted,974580000,97458-00-00,Interim therapeutic root filling,Interim therapeutic root filling,464,Other endodontic service,6,Dental services ,Endodontics,200,
Non-admitted,974570010,97457-00-10,Obturation of resorption defect or perforation,Obturation of resorption defect or perforation,464,Other endodontic service,6,Dental services ,Endodontics,1500,
Non-admitted,976252000,97625-20-00,Prefabricated post and core,"Prefabricated post and core, per post and core",470,Crown,6,Dental services ,Endodontics,1200,
Non-admitted,976251000,97625-10-00,Indirectly fabricated post and core,Indirectly fabricated post and core; per tooth,470,Crown,6,Dental services ,Endodontics,1200,
Non-admitted,975970010,97597-00-10,"Post, preformed/ wrought","Post, preformed/ wrought; per tooth",469,Other restorative dental service,6,Dental services ,Endodontics,1500,
Non-admitted,976290010,97629-00-10,"Post and root cap, indirect","Post and root cap, indirect; per tooth",470,Crown,6,Dental services ,Endodontics,1500,
Non-admitted,974140200,97414-02-00,Apexogenesis,Apexogenesis,462,Pulp treatment,6,Dental services ,Endodontics,1000,
Non-admitted,974140300,97414-03-00,Apexification/ recalcification; Initial Visit,Apexification/ recalcification; Initial Visit,462,Pulp treatment,6,Dental services ,Endodontics,1000,
Non-admitted,974140400,97414-04-00,"Apexification/ recalcification, medication replacement visit","Apexification/ recalcification, medication replacement visit",462,Pulp treatment,6,Dental services ,Endodontics,800,
Non-admitted,974140500,97414-05-00,Pulpal regeneration,Pulpal regeneration; each visit; per tooth,462,Pulp treatment,6,Dental services ,Endodontics,900,
Non-admitted,974310010,97431-00-10,Periapical curettage,Periapical curettage; per root,463,Periradicular surgery,6,Dental services ,Endodontics,700,
Non-admitted,974320000,97432-00-00,"Apicectomy, per root","Apicectomy, per root",463,Periradicular surgery,6,Dental services ,Endodontics,1000,
Non-admitted,974330000,97433-00-00,Exploratory periradicular surgery,Exploratory periradicular surgery,463,Periradicular surgery,6,Dental services ,Endodontics,2000,
Non-admitted,974330010,97433-00-10,Bone graft with periradicular surgery,Bone graft with periradicular surgery; per site,463,Periradicular surgery,6,Dental services ,Endodontics,2000,
Non-admitted,974340010,97434-00-10,Apical seal of root canal,Apical seal of root canal; per tooth,463,Periradicular surgery,6,Dental services ,Endodontics,1300,
Non-admitted,974360000,97436-00-00,Surgical sealing of root perforation,Surgical sealing of root perforation; per area perforated,463,Periradicular surgery,6,Dental services ,Endodontics,1300,
Non-admitted,974370010,97437-00-10,Surgical treatment and repair of external root resorption,Surgical treatment and repair of external root resorption; per tooth,463,Periradicular surgery,6,Dental services ,Endodontics,1500,
Non-admitted,974380000,97438-00-00,Hemisection of multi rooted tooth,Hemisection of multi rooted tooth,463,Periradicular surgery,6,Dental services ,Endodontics,2000,
Non-admitted,976290100,97629-01-00,Repair or Recementation of fabricated/ prefabricated post and core,Repair or Recementation of fabricated/ prefabricated post and core; per post and core,470,Other endodontic service,6,Dental services ,Endodontics,200,
Non-admitted,974510000,97451-00-00,"Removal of root filling, per canal","Removal of root filling, per canal",464,Other endodontic service,6,Dental services ,Endodontics,300,
Non-admitted,974520000,97452-00-00,"Removal of cemented root canal post or post crown, per tooth",Removal of cemented root canal post or post crown; per tooth,464,Other endodontic service,6,Dental services ,Endodontics,350,
Non-admitted,974530000,97453-00-00,Removal or bypass of fractured endodontic instrument,Removal or bypass of fractured endodontic instrument,464,Other endodontic service,6,Dental services ,Endodontics,600,
Non-admitted,974200400,97420-04-00,Retreatment of previously treated root,Retreatment of previously treated root canal,464,Other endodontic service,6,Dental services ,Endodontics,3000,
Non-admitted,975750000,97575-00-00,Insertion of dental pin; per pin,Insertion of dental pin; per pin,469,Other restorative dental service,6,Dental services ,Restorative,200,
Non-admitted,975790110,97579-01-10,Bonding of tooth fragment,Bonding of tooth fragment; per tooth,469,Other restorative dental service,6,Dental services ,Restorative,500,
Non-admitted,975820100,97582-01-00,"Bonding veneer to surface tooth, direct","Bonding of veneer to surface of tooth, direct",469,Other restorative dental service,6,Dental services ,Restorative,500,
Non-admitted,975190010,97519-00-10,"Restoration, preventive resin; mod/high caries risk; permanent tooth",Restoration using preventive resin; moderate/high caries risk; permanent tooth,469,Other restorative dental service,6,Dental services ,Restorative,300,
Non-admitted,975190020,97519-00-20,Resin infiltration restoration of incipient smooth surface lesions,Resin infiltration restoration of incipient smooth surface lesions; per surface,469,Other restorative dental service,6,Dental services ,Restorative,300,
Non-admitted,975110110,97511-01-10,"Metallic restoration of tooth, 1 surface, direct","Metallic restoration of tooth, one surface, direct",465,Metallic restoration,6,Dental services ,Restorative,300,
Non-admitted,975110200,97511-02-00,"Metallic restoration of tooth, each additional surface, direct","Metallic restoration of tooth, each additional surface, direct",465,Metallic restoration,6,Dental services ,Restorative,350,
Non-admitted,975410110,97541-01-10,"Metallic restoration of tooth, 1 surface, indirect","Metallic restoration of tooth, one surface, indirect",465,Metallic restoration,6,Dental services ,Restorative,400,
Non-admitted,975410200,97541-02-00,"Metallic restoration of tooth, each additional surface, indirect","Metallic restoration of tooth, each additional surface, indirect",465,Metallic restoration,6,Dental services ,Restorative,350,
Non-admitted,975210110,97521-01-10,"Adhesive restoration, 1 surface, direct","Adhesive restoration (e.g. compomer, composite, glass ionomer, polymer glass, resin composite), one surface, direct",466,Tooth-coloured restoration,6,Dental services ,Restorative,300,
Non-admitted,975210200,97521-02-00,"Adhesive restoration, each additional surface, direct","Adhesive restoration (e.g. compomer, composite, glass ionomer, polymer glass, resin composite), each additional surface, direct",466,Tooth-coloured restoration,6,Dental services ,Restorative,350,
Non-admitted,975720110,97572-01-10,Prov restoration of tooth,"Provisional restoration, per tooth",469,Other restorative dental service,6,Dental services ,Restorative,300,
Non-admitted,975780000,97578-00-00,Restoration of incisal corner of anterior tooth; per corner,Restoration of incisal corner of anterior tooth; per corner,469,Other restorative dental service,6,Dental services ,Restorative,300,
Non-admitted,971130000,97113-00-00,Recontouring pre-existing restoration(s),Recontouring of pre-existing restoration(s),453,Dental prophylaxis and bleaching,6,Dental services ,Restorative,100,
Non-admitted,975770000,97577-00-00,Cusp capping restoration; per cusp,Cusp capping restoration; per cusp,469,Other restorative dental service,6,Dental services ,Restorative,200,
Non-admitted,975750010,97575-00-10,Core buildup including any pins when required,Core buildup including any pins when required,469,Other restorative dental service,6,Dental services ,Restorative,300,
Non-admitted,976130800,97613-08-00,Strip crown,Strip crown; per crown,470,Crown,6,Dental services ,Restorative,700,
Non-admitted,974590010,97459-00-10,Other and unsp Restorative / endodontics procedure,Other and unspecified Restorative / endodontics procedure,464,Other endodontic service,6,Dental services ,Restorative,10000,
Non-admitted,977190110,97719-01-10,Primary impression for Maxilla /Mandible for denture processing,Primary impression for Maxilla /Mandible for denture processing,474,Denture or denture component,6,Dental services ,Prosthodontics,part of main service and / or follow ups,
Non-admitted,977190120,97719-01-20,Border Molding,Border Molding,474,Denture or denture component,6,Dental services ,Prosthodontics,part of main service and / or follow ups,
Non-admitted,977190130,97719-01-30,Final impression for Maxilla / Mandible,Final impression for Maxilla / Mandible,474,Denture or denture component,6,Dental services ,Prosthodontics,part of main service and / or follow ups,
Non-admitted,977190140,97719-01-40,Face bow transfer,Face bow transfer,474,Denture or denture component,6,Dental services ,Prosthodontics,part of main service and / or follow ups,
Non-admitted,977190150,97719-01-50,Bite registration,Bite registration,474,Denture or denture component,6,Dental services ,Prosthodontics,part of main service and / or follow ups,
Non-admitted,977190160,97719-01-60,Try in of the upper / lower denture,Try in of the upper / lower denture,474,Denture or denture component,6,Dental services ,Prosthodontics,part of main service and / or follow ups,
Non-admitted,977190170,97719-01-70,Denture Insertion,Denture Insertion,474,Denture or denture component,6,Dental services ,Prosthodontics,8000,
Non-admitted,977190180,97719-01-80,Tooth Preparation for crown/ FPD,Tooth Preparation for crown/ FPD,474,Denture or denture component,6,Dental services ,Prosthodontics,part of main service and / or follow ups,
Non-admitted,976310010,97631-00-10,Fabrication of temporary crown,Fabrication of temporary crown; per crown,470,Crown,6,Dental services ,Fixed prosthodontics,300,
Non-admitted,976320000,97632-00-00,Fabrication of temporary FPD; per denture,Fabrication of temporary fixed partial denture; per denture,471,Bridge,6,Dental services ,Fixed prosthodontics,1000,
Non-admitted,976330000,97633-00-00,Prov implant abutment per abutment,"Provisional implant abutment, per abutment",471,Bridge,6,Dental services ,Fixed prosthodontics,400,
Non-admitted,976340100,97634-01-00,Prov implant restoration per abutment,"Provisional implant restoration, per abutment",471,Bridge,6,Dental services ,Fixed prosthodontics,300,
Non-admitted,976440000,97644-00-00,Provision of stress breaker,Provision of stress breaker to reduce occlusal force ,471,Bridge,6,Dental services ,Fixed prosthodontics,1000,
Non-admitted,975830110,97583-01-10,Attachment veneer surface tooth resin laminate,"Attachment veneer surface tooth, resin laminate, indirect",469,Other restorative dental service,6,Dental services ,Fixed prosthodontics,3000,
Non-admitted,975830210,97583-02-10,Attachment veneer surface tooth porcelain laminate indirect,"Attachment of veneer to surface of tooth, porcelain laminate, indirect",469,Other restorative dental service,6,Dental services ,Fixed prosthodontics,3000,
Non-admitted,975410300,97541-03-00,"Inlay metallic, 1 surface","Inlay metallic restoration, one surface, indirect",465,Metallic restoration,6,Dental services ,Fixed prosthodontics,1500,
Non-admitted,975410400,97541-04-00,"Inlay metallic, each additional surface","Inlay metallic restoration, each additional surface, indirect",465,Metallic restoration,6,Dental services ,Fixed prosthodontics,1500,
Non-admitted,975510200,97551-02-00,"Inlay porcelain/ ceramic, one surface, indirect","Inlay porcelain/ ceramic, one surface, indirect",466,Tooth-coloured restoration,6,Dental services ,Fixed prosthodontics,2000,
Non-admitted,975510300,97551-03-00,"Inlay porcelain/ ceramic, indirect, each additional surface, each additional surface","Inlay porcelain/ ceramic, each additional surface, indirect",466,Tooth-coloured restoration,6,Dental services ,Fixed prosthodontics,400,
Non-admitted,975510600,97551-06-00,"Inlay resin based composite, one surface, indirect","Inlay resin based composite, one surface, indirect",466,Tooth-coloured restoration,6,Dental services ,Fixed prosthodontics,1500,
Non-admitted,975510700,97551-07-00,"Inlay resin based composite, indirect, each additional surface","Inlay resin based composite, each additional surface, indirect",466,Tooth-coloured restoration,6,Dental services ,Fixed prosthodontics,400,
Non-admitted,975410500,97541-05-00,"Onlay metallic, 1 surface","Onlay metallic restoration, one surface, indirect",465,Metallic restoration,6,Dental services ,Fixed prosthodontics,3000,
Non-admitted,975410600,97541-06-00,"Onlay metallic, each additional surface","Onlay metallic restoration, each additional surface, indirect",465,Metallic restoration,6,Dental services ,Fixed prosthodontics,1500,
Non-admitted,975510400,97551-04-00,"Onlay porcelain/ ceramic, 1 surface","Onlay porcelain/ ceramic restoration, one surface, indirect",466,Tooth-coloured restoration,6,Dental services ,Fixed prosthodontics,3000,
Non-admitted,975510500,97551-05-00,"Onlay porcelain/ ceramic, each additional surface","Onlay porcelain/ ceramic restoration, each additional surface, indirect",466,Tooth-coloured restoration,6,Dental services ,Fixed prosthodontics,400,
Non-admitted,975510800,97551-08-00,"Onlay resin based composite, 1 surface","Onlay resin based composite restoration; one surface, indirect",466,Tooth-coloured restoration,6,Dental services ,Fixed prosthodontics,3000,
Non-admitted,975510900,97551-09-00,"Onlay resin based composite restoration, indirect, each additional surface","Onlay resin based composite restoration, each additional surface, indirect",466,Tooth-coloured restoration,6,Dental services ,Fixed prosthodontics,400,
Non-admitted,976270010,97627-00-10,Preliminary restor for crown,"Preliminary restoration for crown, direct",470,Crown,6,Dental services ,Fixed prosthodontics,3000,
Non-admitted,976180100,97618-01-00,"Prefabricated stainless steel crown, permanent tooth",Prefabricated stainless steel crown for permanent tooth; per crown,470,Crown,6,Dental services ,Fixed prosthodontics,900,
Non-admitted,976180300,97618-03-00,"Crown, precious metal (gold)","Crown, precious metal (gold), indirect, per crown",470,Crown,6,Dental services ,Fixed prosthodontics,3500,
Non-admitted,976180010,97618-00-10,All metal crown (except gold),"All Metal crown (steel, palladium, nickel or chromium), indirect; per crown",470,Crown,6,Dental services ,Fixed prosthodontics,3500,
Non-admitted,976110110,97611-01-10,All resin crown,"All Resin (Composite, Acrylic) crown, indirect; per crown",470,Crown,6,Dental services ,Fixed prosthodontics,300,
Non-admitted,976130100,97613-01-00,Porcelain/Ceramic crown,"Porcelain/Ceramic crown, indirect; per crown",470,Crown,6,Dental services ,Fixed prosthodontics,300,
Non-admitted,976130700,97613-07-00,Lithium disilicate ceramic crown ,"Lithium disilicate ceramic crown (E Max), indirect; per crown",470,Crown,6,Dental services ,Fixed prosthodontics,300,
Non-admitted,976130200,97613-02-00,Zirconium crown,"Zirconium crown, indirect; per crown",470,Crown,6,Dental services ,Fixed prosthodontics,3000,
Non-admitted,976130400,97613-04-00,Titanium crown,"Titanium crown, indirect; per crown",470,Crown,6,Dental services ,Fixed prosthodontics,2500,
Non-admitted,976180200,97618-02-00,Composite with metal crown,"Composite with metal crown, indirect; per crown",470,Crown,6,Dental services ,Fixed prosthodontics,2500,
Non-admitted,976151000,97615-10-00,Porcelain fused to base metal crown,"Porcelain fused to base metal crown, indirect; per crown",470,Crown,6,Dental services ,Fixed prosthodontics,2500,
Non-admitted,976130300,97613-03-00,Zirconium fused to ceramic crown,"Zirconium fused to ceramic crown, indirect; per crown",470,Crown,6,Dental services ,Fixed prosthodontics,2500,
Non-admitted,976130500,97613-05-00,Surveyed crown,Surveyed crown; per crown,470,Crown,6,Dental services ,Fixed prosthodontics,2000,
Non-admitted,976420000,97642-00-00,"FPD pontic, direct, per pontic","Fixed partial denture pontic, direct, per pontic",471,Bridge,6,Dental services ,Fixed prosthodontics,2000,
Non-admitted,976430010,97643-00-10,Resin bonded FPD,"Resin bonded fixed partial dentures (Rochette, Maryland)",471,Bridge,6,Dental services ,Fixed prosthodontics,4000,
Non-admitted,976430020,97643-00-20,Cantilever FPD,Cantilever fixed partial denture,471,Bridge,6,Dental services ,Fixed prosthodontics,4000,
Non-admitted,976430030,97643-00-30,High noble metal pontic,"High noble metal pontic, per pontic",471,Bridge,6,Dental services ,Fixed prosthodontics,3000,
Non-admitted,976430040,97643-00-40,Noble metal pontic,"Noble metal pontic, per pontic",471,Bridge,6,Dental services ,Fixed prosthodontics,3000,
Non-admitted,976430050,97643-00-50,Resin with metal pontic,"Resin with metal pontic, per pontic",471,Bridge,6,Dental services ,Fixed prosthodontics,3000,
Non-admitted,976430060,97643-00-60,Porcelain fused metal pontic,"Porcelain fused metal pontic, per pontic",471,Bridge,6,Dental services ,Fixed prosthodontics,6000,
Non-admitted,976430070,97643-00-70,Porcelain/ ceramic pontic,"Porcelain/ ceramic pontic, per pontic",471,Bridge,6,Dental services ,Fixed prosthodontics,3000,
Non-admitted,976430080,97643-00-80,Lithium disilicate ceramic pontic,"Lithium disilicate ceramic pontic (E Max), per pontic",471,Bridge,6,Dental services ,Fixed prosthodontics,3000,
Non-admitted,976430090,97643-00-90,"Zirconium pontic, per pontic","Zirconium pontic, per pontic",471,Bridge,6,Dental services ,Fixed prosthodontics,3000,
Non-admitted,976431010,97643-10-10,Titanium pontic,"Titanium pontic, per pontic",471,Bridge,6,Dental services ,Fixed prosthodontics,3000,
Non-admitted,977210010,97721-00-10,"Resin base, per abutment","Resin base, per abutment",474,Denture or denture component,6,Dental services ,Fixed prosthodontics,2000,
Non-admitted,977190030,97719-00-30,"Porcelain/ ceramic abutment for resin bonded fixed prosthesis, per abutment","Porcelain/ ceramic abutment for resin bonded fixed prosthesis, per abutment",474,Denture or denture component,6,Dental services ,Fixed prosthodontics,2000,
Non-admitted,977190040,97719-00-40,"Porcelain fused metal abutment, per abutment","Porcelain fused metal abutment, per abutment",474,Denture or denture component,6,Dental services ,Fixed prosthodontics,2000,
Non-admitted,977210020,97721-00-20,Titanium abutment ,"Titanium abutment, per abutment",474,Denture or denture component,6,Dental services ,Fixed prosthodontics,2000,
Non-admitted,977210030,97721-00-30,Lithium disilicate ceramic abutment,"Lithium disilicate ceramic abutment (E Max), per abutment",474,Denture or denture component,6,Dental services ,Fixed prosthodontics,2000,
Non-admitted,977210040,97721-00-40,Zirconium abutment,"Zirconium abutment, per abutment",474,Denture or denture component,6,Dental services ,Fixed prosthodontics,2000,
Non-admitted,977210050,97721-00-50,High noble metal abutment,"High noble metal abutment, per abutment",474,Denture or denture component,6,Dental services ,Fixed prosthodontics,2000,
Non-admitted,977210060,97721-00-60,Noble metal abutment,"Noble metal abutment, per abutment",474,Denture or denture component,6,Dental services ,Fixed prosthodontics,2000,
Non-admitted,977210070,97721-00-70,Resin with metal abutment,"Resin with metal abutment, per abutment",474,Denture or denture component,6,Dental services ,Fixed prosthodontics,2000,
Non-admitted,976450000,97645-00-00,"Precision or magnetic attachment, FPD","Precision or magnetic attachment, fixed partial denture",471,Bridge,6,Dental services ,Fixed prosthodontics,1000,
Non-admitted,976490010,97649-00-10,Retainer bonded fixture,"Retainer for bonded fixture, indirect, per tooth",471,Bridge,6,Dental services ,Fixed prosthodontics,100,
Non-admitted,975960010,97596-00-10,Repair of indirect restoration,"Repair of indirect restoration (Veneer, Inlay, Onlay)",469,Other restorative dental service,6,Dental services ,Fixed prosthodontics,100,
Non-admitted,976580000,97658-00-00,"Repair crown, FPD or splint, indirect","Repair of crown, fixed partial denture or splint, indirect",472,Other dental service on crown and bridge,6,Dental services ,Fixed prosthodontics,800,
Non-admitted,976590000,97659-00-00,"Repair crown, FPD or splint, direct","Repair of crown, fixed partial denture or splint, direct",472,Other dental service on crown and bridge,6,Dental services ,Fixed prosthodontics,300,
Non-admitted,976510000,97651-00-00,"Recementing crown or veneer, Onlay, Inlay","Recementing Crown, Veneer, Onlay, Inlay",472,Other dental service on crown and bridge,6,Dental services ,Fixed prosthodontics,300,
Non-admitted,976520010,97652-00-10,Recementing/rebonding FPD/splint per abutment,"Recementing/rebonding fixed partial denture or splint, per abutment",472,Other dental service on crown and bridge,6,Dental services ,Fixed prosthodontics,400,
Non-admitted,976560000,97656-00-00,Removal of FPD or splint,Removal of fixed partial denture or splint,472,Other dental service on crown and bridge,6,Dental services ,Fixed prosthodontics,200,
Non-admitted,975950010,97595-00-10,Removal of indirect restoration,"Removal of indirect restoration (Veneer, Inlay, Onlay)",469,Other restorative dental service,6,Dental services ,Fixed prosthodontics,200,
Non-admitted,976550000,97655-00-00,Removal of crown,Removal of crown,472,Other dental service on crown and bridge,6,Dental services ,Fixed prosthodontics,200,
Non-admitted,976290200,97629-02-00,Removal of post in Prosthodontic procedures,Removal of post in Prosthodontic procedures,470,Crown,6,Dental services ,Fixed prosthodontics,350,
Non-admitted,976780000,97678-00-00,Fabrication of diagnostic template,Fabrication of diagnostic template,473,Implant prosthesis,6,Dental services ,Dental implant,400,
Non-admitted,976790000,97679-00-00,Fabrication of surgical implant guide,Fabrication of surgical implant guide,473,Implant prosthesis,6,Dental services ,Dental implant,400,
Non-admitted,976890000,97689-00-00,Insertion of provisional implant; per implant,Insertion of provisional implant; per implant,473,Implant prosthesis,6,Dental services ,Dental implant,1200,
Non-admitted,976900000,97690-00-00,Insertion of provisional retention device; per unit,Insertion of provisional retention device; per unit,473,Implant prosthesis,6,Dental services ,Dental implant,1000,
Non-admitted,976640000,97664-00-00,Fitting of bar for denture,Fitting of bar for denture,473,Implant prosthesis,6,Dental services ,Dental implant,1500,
Non-admitted,458470100,45847-01-00,Endodontic implant,Insertion of endodontic implant; per implant,473,Implant prosthesis,6,Dental services ,Dental implant,5000,
Non-admitted,458460000,45846-00-00,Insertion of One-stage endosseous implant,Insertion of one-stage endosseous implant; per implant,400,"Application, insertion or removal procedures on mouth, palate or uvula",5,"Procedures on nose, mouth and pharynx ",Dental implant,4000,
Non-admitted,458450010,45845-00-10,Insertion of intraoral osseointegrated dental implant; first stage,Insertion of intraoral osseointegrated dental implant; first stage,400,"Application, insertion or removal procedures on mouth, palate or uvula",5,"Procedures on nose, mouth and pharynx ",Dental implant,part of main service and / or follow ups,
Non-admitted,458470010,45847-00-10,Insertion of intraoral osseointegrated dental implant; second stage,Insertion of intraoral osseointegrated dental implant; second stage,400,"Application, insertion or removal procedures on mouth, palate or uvula",5,"Procedures on nose, mouth and pharynx ",Dental implant,part of main service and / or follow ups,
Non-admitted,458470200,45847-02-00,Surgical placement of mini implant,Surgical placement of mini implant; per implant,473,Implant prosthesis,6,Dental services ,Dental implant,5000,
Non-admitted,458470300,45847-03-00,Surgical placement; eposteal implant,Surgical placement of eposteal implant,473,Implant prosthesis,6,Dental services ,Dental implant,4000,
Non-admitted,458470400,45847-04-00,Surgical placement; transosteal implant,Surgical placement of transosteal implant,473,Implant prosthesis,6,Dental services ,Dental implant,4000,
Non-admitted,977110030,97711-00-30,Zygomatic implants,Zygomatic implants,474,Denture or denture component,6,Dental services ,Dental implant,10000,
Non-admitted,976610010,97661-00-10,"Fitting of implant abutment, custom","Fitting of implant abutment, custom",473,Implant prosthesis,6,Dental services ,Dental implant,part of main service and / or follow ups,
Non-admitted,976610100,97661-01-00,Fitting of implant abutment; pre-fabricated,"Fitting of implant abutment, pre-fabricated",473,Implant prosthesis,6,Dental services ,Dental implant,part of main service and / or follow ups,
Non-admitted,976140100,97614-01-00,"Abutment supported crown, Porcelain or ceramic",Abutment supported crown; Porcelain or ceramic,470,Crown,6,Dental services ,Dental implant,4000,
Non-admitted,976140200,97614-02-00,"Abutment supported crown, titanium","Abutment supported crown, titanium",470,Crown,6,Dental services ,Dental implant,4000,
Non-admitted,976140300,97614-03-00,"Abutment supported crown, porcelain fused to noble metal","Abutment supported crown, porcelain fused to noble metal",470,Crown,6,Dental services ,Dental implant,4000,
Non-admitted,976140400,97614-04-00,"Abutment supported crown, porcelain fused to semiprecious metal","Abutment supported crown, porcelain fused to semiprecious metal",470,Crown,6,Dental services ,Dental implant,4000,
Non-admitted,977120010,97712-00-10,"Implant supported complete denture, provisional; maxillary","Implant supported complete denture, provisional; maxillary",474,Denture or denture component,6,Dental services ,Dental implant,1000,
Non-admitted,977130010,97713-00-10,"Implant supported complete denture, provisional; mandibular","Implant supported complete denture, provisional;  mandibular",474,Denture or denture component,6,Dental services ,Dental implant,1000,
Non-admitted,977110010,97711-00-10,"Implant supported complete denture, maxillary",Implant supported complete denture; maxillary,474,Denture or denture component,6,Dental services ,Dental implant,8000,
Non-admitted,977110020,97711-00-20,"Implant supported complete denture, mandibular","Implant supported complete denture, mandibular",474,Denture or denture component,6,Dental services ,Dental implant,8000,
Non-admitted,976650000,97665-00-00,Prosthesis w removable resin base atchd impl,"Prosthesis with removable resin base attached to implants, per arch",473,Implant prosthesis,6,Dental services ,Dental implant,4000,
Non-admitted,976660000,97666-00-00,Prosthesis with fixed metal frame attached to implants,Prosthesis with fixed metal frame attached to implants,473,Implant prosthesis,6,Dental services ,Dental implant,4000,
Non-admitted,976670000,97667-00-00,Prosthesis with removable metal frame attached to implants,Prosthesis with removable metal frame attached to implants; per arch,473,Implant prosthesis,6,Dental services ,Dental implant,7000,
Non-admitted,976710000,97671-00-00,Full crown attached to osseointegrated implant; nonmetallic indirect,"Full crown attached to osseointegrated implant, nonmetallic; indirect",473,Implant prosthesis,6,Dental services ,Dental implant,3500,
Non-admitted,976720000,97672-00-00,"Full crown attached to osseointegrated implant, veneered indirect","Full crown attached to osseointegrated implant, veneered; indirect",473,Implant prosthesis,6,Dental services ,Dental implant,3500,
Non-admitted,976730000,97673-00-00,"Full crown attached to osseointegrated implant, metallic indirect","Full crown attached to osseointegrated implant, metallic; indirect",473,Implant prosthesis,6,Dental services ,Dental implant,3500,
Non-admitted,976680020,97668-00-20,Replacement of semi-precision attachment (male or female component) of implant/abutment supported prosthesis,Replacement of semi-precision attachment (male or female component) of implant/abutment supported prosthesis; per attachment,473,Implant prosthesis,6,Dental services ,Dental implant,1500,
Non-admitted,976140500,97614-05-00,Re-cement or re-bond implant/abutment supported crown,Re-cementing or re-bonding implant/abutment supported crown,477,Other prosthodontic service,6,Dental services ,Dental implant,300,
Non-admitted,977110040,97711-00-40,Re-cement or re-bond implant/abutment supported fixed partial denture,Re-cementing or re-bonding implant/abutment supported fixed partial denture,477,Other prosthodontic service,6,Dental services ,Dental implant,400,
Non-admitted,977110080,97711-00-80,"Repair implant supported prosthesis, other","Repair implant supported prosthesis, other",477,Other prosthodontic service,6,Dental services ,Dental implant,1300,
Non-admitted,977110090,97711-00-90,"Repair implant abutment, other",Repair implant abutment; other,477,Other prosthodontic service,6,Dental services ,Dental implant,1000,
Non-admitted,976690000,97669-00-00,Removal and replacement of prosthesis fixed to implant,Removal and replacement of prosthesis fixed to implant; per implant,473,Implant prosthesis,6,Dental services ,Dental implant,500,
Non-admitted,976630000,97663-00-00,Surgical removal of dental implant and/or retention device; per implant,Surgical removal of dental implant and/or retention device; per implant,473,Implant prosthesis,6,Dental services ,Dental implant,500,
Non-admitted,976630010,97663-00-10,Implant maintenance,Implant maintenance,473,Implant prosthesis,6,Dental services ,Dental implant,500,
Non-admitted,977130020,97713-00-20,Interim complete maxillary denture,Interim complete maxillary denture,474,Denture or denture component,6,Dental services ,Removable prosthodontics,2000,
Non-admitted,977140010,97714-00-10,Interim complete mandibular denture,Interim complete mandibular denture,474,Denture or denture component,6,Dental services ,Removable prosthodontics,2000,
Non-admitted,977150010,97715-00-10,Interim complete maxillary and mandibular dentures,Interim complete maxillary and mandibular dentures,474,Denture or denture component,6,Dental services ,Removable prosthodontics,2000,
Non-admitted,977210000,97721-00-00,"Interim partial maxillary denture
","Interim partial maxillary denture
",474,Denture or denture component,6,Dental services ,Removable prosthodontics,1200,
Non-admitted,977220000,97722-00-00,"Interim partial mandibular denture
","Interim partial mandibular denture
",474,Denture or denture component,6,Dental services ,Removable prosthodontics,1200,
Non-admitted,977270000,97727-00-00,"Interim partial maxillary denture, metal","Interim partial maxillary denture, Metal framework with resin",474,Denture or denture component,6,Dental services ,Removable prosthodontics,1500,
Non-admitted,977280000,97728-00-00,"Interim partial mandibular denture, metal framework with resin","Interim partial mandibular denture, Metal framework with resin",474,Denture or denture component,6,Dental services ,Removable prosthodontics,1500,
Non-admitted,977110000,97711-00-00,"Removable complete denture, maxillary",Removable complete denture; maxillary,474,Denture or denture component,6,Dental services ,Removable prosthodontics,3000,
Non-admitted,977120000,97712-00-00,"Removable complete denture, mandibular",Removable complete denture; mandibular,474,Denture or denture component,6,Dental services ,Removable prosthodontics,2000,
Non-admitted,977190000,97719-00-00,"Removable complete denture, maxillary and mandibular","Removable complete denture, maxillary and mandibular",474,Denture or denture component,6,Dental services ,Removable prosthodontics,4000,
Non-admitted,977210080,97721-00-80,"Flexible base removable partial denture, per jaw","Flexible base removable partial denture, per jaw",474,Denture or denture component,6,Dental services ,Removable prosthodontics,2000,
Non-admitted,977270010,97727-00-10,"One piece cast metal removable partial denture, per jaw","One piece cast metal removable partial denture, per jaw",474,Denture or denture component,6,Dental services ,Removable prosthodontics,3000,
Non-admitted,977160000,97716-00-00,Insertion of metal palate or plate,Insertion of metal palate or plate or any other shape with Reinforced metal (casted or prefabricated) to base of resin denture ,474,Denture or denture component,6,Dental services ,Removable prosthodontics,5000,
Non-admitted,977190010,97719-00-10,Removable complete overdenture,Removable complete overdenture; per jaw,474,Denture or denture component,6,Dental services ,Removable prosthodontics,10000,
Non-admitted,977190020,97719-00-20,Removable partial overdenture,Removable partial overdenture; per jaw,474,Denture or denture component,6,Dental services ,Removable prosthodontics,10000,
Non-admitted,977310000,97731-00-00,Insertion of retainer to partial denture,Insertion of retainer to partial denture,474,Denture or denture component,6,Dental services ,Removable prosthodontics,10000,
Non-admitted,977320000,97732-00-00,Occlusal rest part denture per rest,"Occlusal rest to Removable partial denture in the framework, per rest",474,Denture or denture component,6,Dental services ,Removable prosthodontics,1000,
Non-admitted,977340010,97734-00-10,"Overlay, per tooth","Overlay, per tooth",474,Denture or denture component,6,Dental services ,Removable prosthodontics,1000,
Non-admitted,976130600,97613-06-00,Telescopic crown,Telescopic crown; per crown,470,Crown,6,Dental services ,Removable prosthodontics,2000,
Non-admitted,977350000,97735-00-00,Precision or magnetic attachment denture,"Precision or magnetic attachment, denture",474,Denture or denture component,6,Dental services ,Removable prosthodontics,1500,
Non-admitted,977360010,97736-00-10,Immediate replacement of tooth,"Immediate replacement of tooth, per tooth",474,Denture or denture component,6,Dental services ,Removable prosthodontics,200,
Non-admitted,977380000,97738-00-00,Provision of connecting bar of wrought metal,Provision of connecting bar of wrought metal,474,Denture or denture component,6,Dental services ,Removable prosthodontics,1000,
Non-admitted,977390000,97739-00-00,"Metal backing denture tooth, per backing","Metal backing for denture tooth, per backing",474,Denture or denture component,6,Dental services ,Removable prosthodontics,400,
Non-admitted,977790100,97779-01-00,Fabrication of surg guide for immediate denture,Fabrication of surgical guide for immediate denture,477,Other prosthodontic service,6,Dental services ,Removable prosthodontics,500,
Non-admitted,977780010,97778-00-10,Metallic inlay for removable denture tooth,Metallic inlay for removable denture tooth; per tooth,477,Other prosthodontic service,6,Dental services ,Removable prosthodontics,1500,
Non-admitted,977720000,97772-00-00,"Resin splint, indirect","Resin splint, indirect",477,Other prosthodontic service,6,Dental services ,Removable prosthodontics,600,
Non-admitted,977730000,97773-00-00,"Metal splint, indirect","Metal splint, indirect",477,Other prosthodontic service,6,Dental services ,Removable prosthodontics,1200,
Non-admitted,979850000,97985-00-00,Oral appliance for snoring and obstructive sleep apnoea,Oral appliance for diagnosed snoring and obstructive sleep apnoea,490,Miscellaneous dental services,6,Dental services ,Removable prosthodontics,600,
Non-admitted,977370000,97737-00-00,Resilient lining,Resilient lining,474,Denture or denture component,6,Dental services ,Removable prosthodontics,400,
Non-admitted,977430010,97743-00-10,Direct relining of removable partial/ complete denture,"Direct relining of removable partial or complete denture, per jaw (in clinic)",475,Denture maintenance,6,Dental services ,Removable prosthodontics,1200,
Non-admitted,977430020,97743-00-20,Indirect relining of removable partial/ complete denture,"Indirect Relining of removable partial or complete denture, per jaw (in laboratory)",475,Denture maintenance,6,Dental services ,Removable prosthodontics,1200,
Non-admitted,977450000,97745-00-00,Rebase of removable complete denture,Rebase of removable complete denture; per jaw,475,Denture maintenance,6,Dental services ,Removable prosthodontics,500,
Non-admitted,977460000,97746-00-00,Rebase of removable partial denture,Rebase of removable partial denture; per jaw,475,Denture maintenance,6,Dental services ,Removable prosthodontics,700,
Non-admitted,977540000,97754-00-00,Modification of denture base,Modification of denture base,475,Denture maintenance,6,Dental services ,Removable prosthodontics,500,
Non-admitted,977410000,97741-00-00,Adjustment of denture,Adjustment of denture,475,Denture maintenance,6,Dental services ,Removable prosthodontics,300,
Non-admitted,977530000,97753-00-00,Clean & polish pre-existing denture,Cleaning and polishing of pre-existing denture,475,Denture maintenance,6,Dental services ,Removable prosthodontics,500,
Non-admitted,977710000,97771-00-00,Tissue conditioning,Tissue conditioning; per jaw,477,Other prosthodontic service,6,Dental services ,Removable prosthodontics,500,
Non-admitted,977610000,97761-00-00,Reattachment pre-exst clasp to denture,Reattachment of pre-existing clasp to denture,476,Denture repair,6,Dental services ,Removable prosthodontics,400,
Non-admitted,977660100,97766-01-00,Reattaching existing tooth on denture,"Reattaching existing tooth on denture, per tooth",476,Denture repair,6,Dental services ,Removable prosthodontics,500,
Non-admitted,977620000,97762-00-00,Replacement / add new clasp to denture,Replacement or addition of a new clasp to denture,476,Denture repair,6,Dental services ,Removable prosthodontics,400,
Non-admitted,977650000,97765-00-00,Replacement new tooth on denture,"Replacement of a new tooth on denture, per tooth",476,Denture repair,6,Dental services ,Removable prosthodontics,400,
Non-admitted,977680000,97768-00-00,Add tooth prt dent replace extr / decoronated tooth,"Adding tooth to partial denture to replace extracted or decoronated tooth, per tooth",476,Denture repair,6,Dental services ,Removable prosthodontics,400,
Non-admitted,977640000,97764-00-00,Repair of broken base of partial / complete denture,Repair of broken base of partial or complete denture,476,Denture repair,6,Dental services ,Removable prosthodontics,400,
Non-admitted,977690000,97769-00-00,Repair or addition to metal casting,Repair or addition to metal casting,476,Denture repair,6,Dental services ,Removable prosthodontics,400,
Non-admitted,978760010,97876-00-10,Repair/ addition on snoring or sleep apnoea device,Repair/ addition on snoring or sleep apnoea device,483,Other orthodontic service,6,Dental services ,Removable prosthodontics,1500,
Non-admitted,977740010,97774-00-10,Interim obturator prosthesis,Interim obturator prosthesis,477,Other prosthodontic service,6,Dental services ,Prosthetic rehabilitation,9000,
Non-admitted,977740000,97774-00-00,Definitive obturator prosthesis ,Definitive obturator prosthesis ,477,Other prosthodontic service,6,Dental services ,Prosthetic rehabilitation,5000,
Non-admitted,977740020,97774-00-20,Surgical obturator prosthesis,Surgical obturator prosthesis,477,Other prosthodontic service,6,Dental services ,Prosthetic rehabilitation,7000,
Non-admitted,978710040,97871-00-40,Modification obturator prosthesis,Modification obturator prosthesis,483,Other orthodontic service,6,Dental services ,Prosthetic rehabilitation,1000,
Non-admitted,977740030,97774-00-30,Interim palatal lift prosthesis,Interim palatal lift prosthesis,477,Other prosthodontic service,6,Dental services ,Prosthetic rehabilitation,6000,
Non-admitted,977740040,97774-00-40,Definitive palatal lift prosthesis,Definitive palatal lift prosthesis,477,Other prosthodontic service,6,Dental services ,Prosthetic rehabilitation,6000,
Non-admitted,978710050,97871-00-50,Modification palatal lift prosthesis,Modification palatal lift prosthesis,483,Other orthodontic service,6,Dental services ,Prosthetic rehabilitation,1000,
Non-admitted,977740050,97774-00-50,Palatal augmentation prosthesis,Palatal augmentation prosthesis,477,Other prosthodontic service,6,Dental services ,Prosthetic rehabilitation,4500,
Non-admitted,977740060,97774-00-60,Mandibular resection prosthesis,Mandibular resection prosthesis,477,Other prosthodontic service,6,Dental services ,Prosthetic rehabilitation,13000,
Non-admitted,977740070,97774-00-70,Pediatric speech aid prosthesis,Pediatric speech aid prosthesis,477,Other prosthodontic service,6,Dental services ,Prosthetic rehabilitation,1500,
Non-admitted,977740080,97774-00-80,Adult speech aid prosthesis,Adult speech aid prosthesis,477,Other prosthodontic service,6,Dental services ,Prosthetic rehabilitation,1000,
Non-admitted,977741000,97774-10-00,Nasal prosthesis,Nasal prosthesis (Maxillofacial prosthesis),477,Other prosthodontic service,6,Dental services ,Prosthetic rehabilitation,11000,
Non-admitted,977741010,97774-10-10,Auricular prosthesis,Auricular prosthesis (Maxillofacial prosthesis),477,Other prosthodontic service,6,Dental services ,Prosthetic rehabilitation,12000,
Non-admitted,977741020,97774-10-20,Orbital prosthesis,Orbital prosthesis (Maxillofacial prosthesis),477,Other prosthodontic service,6,Dental services ,Prosthetic rehabilitation,15000,
Non-admitted,977741030,97774-10-30,Ocular prosthesis,Ocular prosthesis (Maxillofacial prosthesis),477,Other prosthodontic service,6,Dental services ,Prosthetic rehabilitation,11000,
Non-admitted,977741040,97774-10-40,Facial prosthesis,Facial prosthesis (Maxillofacial prosthesis),477,Other prosthodontic service,6,Dental services ,Prosthetic rehabilitation,11000,
Non-admitted,977741050,97774-10-50,Cranial prosthesis,Cranial prosthesis (Maxillofacial prosthesis),477,Other prosthodontic service,6,Dental services ,Prosthetic rehabilitation,13000,
Non-admitted,978510010,97851-00-10,Appliance for trismus,Appliance for trismus,481,Extraoral appliance,6,Dental services ,Prosthetic rehabilitation,6000,
Non-admitted,977800110,97789-00-10,Other and unsp Prosthodontic procedure,Other and unspecified Prosthodontic procedure,477,Other prosthodontic service,6,Dental services ,Prosthodontics,part of main service and / or follow ups,
Non-admitted,973110110,97311-01-10,Extraction of tooth or part(s) thereof,Simple extraction of tooth or part(s) thereof,457,Nonsurgical removal of tooth,6,Dental services ,Oral and maxillofacial surgery ,300,
Non-admitted,973140110,97314-01-10,Sectional removal of 1 tooth or part(s) thereof,Sectional removal of one tooth or part(s) thereof,457,Nonsurgical removal of tooth,6,Dental services ,Oral and maxillofacial surgery ,800,
Non-admitted,973210500,97321-05-00,Surgical removal of one tooth; soft tissue,Surgical removal of one tooth; soft tissue (not requiring removal of bone or tooth division),458,Surgical removal of tooth,6,Dental services ,Oral and maxillofacial surgery ,800,
Non-admitted,973240110,97324-01-10,Surgical removal of one tooth requiring both removal of bone and tooth division,Surgical removal of one tooth requiring both removal of bone and tooth division (includes elevation of mucoperiosteal flap),458,Surgical removal of tooth,6,Dental services ,Oral and maxillofacial surgery ,800,
Non-admitted,973210100,97321-01-00,"Surgical removal of impacted tooth, partial bony impacted tooth",Surgical removal of impacted tooth; partial bony impacted tooth; per tooth,458,Surgical removal of tooth,6,Dental services ,Oral and maxillofacial surgery ,1500,
Non-admitted,973210200,97321-02-00,"Surgical removal of impacted tooth, complete bony impaction",Surgical removal of impacted tooth; complete bony impaction; per tooth,458,Surgical removal of tooth,6,Dental services ,Oral and maxillofacial surgery ,1500,
Non-admitted,973210400,97321-04-00,Surgical removal of remaining root,Surgical removal of remaining root; per root,458,Surgical removal of tooth,6,Dental services ,Oral and maxillofacial surgery ,600,
Non-admitted,973220900,97322-09-00,"Full upper dental clearance
","Full upper dental clearance
",458,Surgical removal of tooth,6,Dental services ,Oral and maxillofacial surgery ,3000,
Non-admitted,973221000,97322-10-00,"Full lower dental clearance
","Full lower dental clearance
",458,Surgical removal of tooth,6,Dental services ,Oral and maxillofacial surgery ,3000,
Non-admitted,973210600,97321-06-00,Coronectomy,Coronectomy; per tooth,458,Surgical removal of tooth,6,Dental services ,Oral and maxillofacial surgery ,600,
Non-admitted,973210710,97321-07-10,Corticotomy < = 3 teeth or edentulous spaces,Corticotomy less than or equal to 3 teeth or edentulous spaces,458,Surgical removal of tooth,6,Dental services ,Oral and maxillofacial surgery ,1000,
Non-admitted,973210720,97321-07-20,Corticotomy > 3 teeth or edentulous spaces,Corticotomy more than 3 teeth or edentulous spaces,458,Surgical removal of tooth,6,Dental services ,Oral and maxillofacial surgery ,1500,
Admitted,973350010,97335-00-10,Ridge split surgical procedure,Ridge split surgical procedure,459,Surgery for prosthetics,6,Dental services ,Oral and maxillofacial surgery ,5000,
Admitted,973871010,97387-10-10,Imp. Oral surgical splint,Implant supported Oral surgical splint,461,Other dental surgical procedure,6,Dental services ,Oral and maxillofacial surgery ,10000,
Admitted/non-admitted ,973430000,97343-00-00,Repositioning of oral muscle attachment,Repositioning of oral muscle attachment,459,Surgery for prosthetics,6,Dental services ,Oral and maxillofacial surgery ,500,
Admitted,501300010,50130-00-10,Intraoral placement of a fixation device not in conjunction with a fracture,Intraoral placement of a fixation device not in conjunction with a fracture,1550,Application of external fixation devices to other musculoskeletal sites,15,Procedures on musculoskeletal system ,Oral and maxillofacial surgery ,150,
Non-admitted,979860010,97986-00-10,Dry socket tx; per socket,Dry socket treatment; per socket,490,Miscellaneous dental services,6,Dental services ,Oral and maxillofacial surgery ,3000,
Non-admitted,973310010,97331-00-10,Alveoloplasty for 1-3 missing teeth spaces,Alveoloplasty for one to three missing teeth spaces,459,Surgery for prosthetics,6,Dental services ,Oral and maxillofacial surgery ,3500,
Non-admitted,973310020,97331-00-20,Alveoloplasty for 4 or more missing teeth spaces,Alveoloplasty for four or more missing teeth spaces,459,Surgery for prosthetics,6,Dental services ,Oral and maxillofacial surgery ,4000,
Non-admitted,417190000,41719-00-00,Drain maxillary antrum thru tooth socket,Drainage of maxillary antrum through tooth socket,383,Incision procedures on nasal sinuses,5,"Procedures on nose, mouth and pharynx ",Oral and maxillofacial surgery ,10000,
Non-admitted,302660210,30266-02-10,Sialolithotomy procedure / non Srgcal,Sialolithotomy procedure / non surgical,395,Incision procedures on salivary gland or duct,5,"Procedures on nose, mouth and pharynx ",Oral and maxillofacial surgery ,500,
Admitted,302660200,30266-02-00,Sialolithotomy procedure / Srgcal,"Sialolithotomy procedure, surgical",395,Incision procedures on salivary gland or duct,5,"Procedures on nose, mouth and pharynx ",Oral and maxillofacial surgery ,2100,
Admitted,302810000,30281-00-00,Labial frenectomy,Labial frenectomy,401,"Incision procedures on mouth, palate or uvula",5,"Procedures on nose, mouth and pharynx ",Oral and maxillofacial surgery ,1300,
Non-admitted,962150010,96215-00-10,"I&D of intraoral abscess, simple or single","Incision and drainage of intraoral abscess, simple or single",401,"Incision procedures on mouth, palate or uvula",5,"Procedures on nose, mouth and pharynx ",Oral and maxillofacial surgery ,500,
Non-admitted,962150020,96215-00-20,"I&D of  intraoral abscess and spaces, complicated or multiple","Incision and drainage of intraoral abscess or spaces, complicated or multiple",401,"Incision procedures on mouth, palate or uvula",5,"Procedures on nose, mouth and pharynx ",Oral and maxillofacial surgery ,700,
Admitted/non-admitted ,901410110,90141-01-10,"Excision of benign/ malig ST lesion, cyst or scar  <= 2 cm, simple","Excision of benign or malignant soft tissue lesion, cyst or scar up to 2 cm, cutaneous, subcutaneous or in mucous membrane",403,Excision or destruction of lesion of mouth or palate,5,"Procedures on nose, mouth and pharynx ",Oral and maxillofacial surgery ,1300,
Admitted/non-admitted ,901410120,90141-01-20,"Excision of benign/ malig ST lesion, cyst or scar > 2 cm, simple","Excision of benign or malignant soft tissue lesion, cyst or scar greater than 2 cm, cutaneous, subcutaneous or in mucous membrane",403,Excision or destruction of lesion of mouth or palate,5,"Procedures on nose, mouth and pharynx ",Oral and maxillofacial surgery ,3000,
Admitted/non-admitted ,901410130,90141-01-30,"Excision of benign/ malig ST lesion, cyst or scar, complicated","Excision of benign or malignant soft tissue lesion, cyst or scar, complicated (involving muscle, bone or other deep tissue)",403,Excision or destruction of lesion of mouth or palate,5,"Procedures on nose, mouth and pharynx ",Oral and maxillofacial surgery ,5000,
Admitted/non-admitted ,302410010,30241-00-10,EXC of benign intraosseous lesion <= 2 cm,Excision of benign intraosseous or odontogenic lesion up to 2 cm,1563,Other excision procedures on bone of other musculoskeletal sites,15,Procedures on musculoskeletal system ,Oral and maxillofacial surgery ,3000,
Admitted/non-admitted ,302410020,30241-00-20,EXC of benign intraosseous lesion > 2 cm,Excision of benign intraosseous or odontogenic lesion greater than 2 cm,1563,Other excision procedures on bone of other musculoskeletal sites,15,Procedures on musculoskeletal system ,Oral and maxillofacial surgery ,2500,
Admitted,417160600,41716-06-00,"Excision of lesion of maxillary antrum
","Excision of lesion of maxillary antrum
",386,Other excision procedures on nasal sinuses,5,"Procedures on nose, mouth and pharynx ",Oral and maxillofacial surgery ,8000,
Admitted/non-admitted ,302720000,30272-00-00,Partial excision of tongue,Partial excision of tongue,392,Excision procedures on tongue,5,"Procedures on nose, mouth and pharynx ",Oral and maxillofacial surgery ,2000,
Admitted/non-admitted ,417790100,41779-01-00,Total excision of tongue,Total excision of tongue,392,Excision procedures on tongue,5,"Procedures on nose, mouth and pharynx ",Oral and maxillofacial surgery ,12000,
Admitted,302470000,30247-00-00,Total excision of parotid gland,Total excision of parotid gland,397,Excision procedures on salivary gland or duct,5,"Procedures on nose, mouth and pharynx ",Oral and maxillofacial surgery ,9000,
Admitted,302500000,30250-00-00,"Tot exc parotid gland, preserve fac nrv",Total excision of parotid gland with preservation of facial nerve,397,Excision procedures on salivary gland or duct,5,"Procedures on nose, mouth and pharynx ",Oral and maxillofacial surgery ,13000,
Admitted,302530000,30253-00-00,Partial excision of parotid gland,Partial excision of parotid gland,397,Excision procedures on salivary gland or duct,5,"Procedures on nose, mouth and pharynx ",Oral and maxillofacial surgery ,7000,
Admitted,302550000,30255-00-00,Excision of submandibular ducts,Excision of submandibular ducts,397,Excision procedures on salivary gland or duct,5,"Procedures on nose, mouth and pharynx ",Oral and maxillofacial surgery ,6000,
Admitted,302560000,30256-00-00,Excision of submandibular gland,Excision of submandibular gland,397,Excision procedures on salivary gland or duct,5,"Procedures on nose, mouth and pharynx ",Oral and maxillofacial surgery ,7000,
Admitted,302590000,30259-00-00,Excision of sublingual gland,Excision of sublingual gland,397,Excision procedures on salivary gland or duct,5,"Procedures on nose, mouth and pharynx ",Oral and maxillofacial surgery ,3000,
Admitted,901380000,90138-00-00,Excision of lesion of salivary gland,Excision of lesion of salivary gland,397,Excision procedures on salivary gland or duct,5,"Procedures on nose, mouth and pharynx ",Oral and maxillofacial surgery ,4000,
Non-admitted,458270000,45827-00-00,Excision of mylohyoid ridge of mandible,Excision of mylohyoid ridge of mandible,1364,"Excision procedures on maxilla, mandible or temporomandibular joint",15,Procedures on musculoskeletal system ,Oral and maxillofacial surgery ,4000,
Non-admitted,458290001,45829-00-01,Excision of maxillary tuberosity; uni,Excision of maxillary tuberosity; unilateral,1364,"Excision procedures on maxilla, mandible or temporomandibular joint",15,Procedures on musculoskeletal system ,Oral and maxillofacial surgery ,3000,
Non-admitted,458290002,45829-00-02,Excision of maxillary tuberosity; bil,Excision of maxillary tuberosity; bilateral,1364,"Excision procedures on maxilla, mandible or temporomandibular joint",15,Procedures on musculoskeletal system ,Oral and maxillofacial surgery ,3500,
Admitted/non-admitted ,458250100,45825-01-00,Excision of maxilla or mandible exostosis,Excision of maxilla or mandible exostosis,1364,"Excision procedures on maxilla, mandible or temporomandibular joint",15,Procedures on musculoskeletal system ,Oral and maxillofacial surgery ,2500,
Admitted/non-admitted ,905720010,90572-00-10,Torus palatinus EXC,Torus palatinus excision,1563,Other excision procedures on bone of other musculoskeletal sites,15,Procedures on musculoskeletal system ,Oral and maxillofacial surgery ,4000,
Admitted/non-admitted ,905720020,90572-00-20,Torus mandibularis EXC,Torus mandibularis excision,1563,Other excision procedures on bone of other musculoskeletal sites,15,Procedures on musculoskeletal system ,Oral and maxillofacial surgery ,4000,
Non-admitted,906690010,90669-00-10,Excision of skin for graft for dental or oral maxillofacial procedures other than liposuction 2.5 cm or less,Excision of skin for graft for dental or oral maxillofacial procedures other than liposuction 2.5 cm or less,1634,Other excision procedures on skin and subcutaneous tissue,16,Dermatological and plastic procedures ,Oral and maxillofacial surgery ,3000,
Non-admitted,906690020,90669-00-20,Excision of skin for graft for dental or oral maxillofacial procedures other than liposuction; each additional 5 cm or lesser,Excision of skin for graft for dental or oral maxillofacial procedures other than liposuction; each additional 5 cm or lesser,1634,Other excision procedures on skin and subcutaneous tissue,16,Dermatological and plastic procedures ,Oral and maxillofacial surgery ,3000,
Admitted,456680010,45668-00-10,Vermilionectomy (lip shave) w/ mucosal advancement,Vermilionectomy (lip shave) with mucosal advancement,1664,"Excision, lip",16,Dermatological and plastic procedures ,Oral and maxillofacial surgery ,10000,
Admitted,456680020,45668-00-20,Vermilionectomy (lip shave) w/o mucosal advancement,Vermilionectomy (lip shave) without or other than  mucosal advancement,1664,"Excision, lip",16,Dermatological and plastic procedures ,Oral and maxillofacial surgery ,10000,
Non-admitted,302830010,30283-00-10,Enucleation of mucocele - small  < 2 cm,Enucleation of mucocele - small  < 2 cm,403,Excision or destruction of lesion of mouth or palate,5,"Procedures on nose, mouth and pharynx ",Oral and maxillofacial surgery ,2100,
Admitted/non-admitted ,302830020,30283-00-20,Enucleation  of mucocele - large > 2 cm,Enucleation  of mucocele - large > 2 cm,403,Excision or destruction of lesion of mouth or palate,5,"Procedures on nose, mouth and pharynx ",Oral and maxillofacial surgery ,2100,
Admitted,906030000,90603-00-00,Sequestrectomy of maxilla,Sequestrectomy of maxilla,1364,"Excision procedures on maxilla, mandible or temporomandibular joint",15,Procedures on musculoskeletal system ,Oral and maxillofacial surgery ,2500,
Admitted,906030100,90603-01-00,Sequestrectomy of mandible,Sequestrectomy of mandible,1364,"Excision procedures on maxilla, mandible or temporomandibular joint",15,Procedures on musculoskeletal system ,Oral and maxillofacial surgery ,2000,
Admitted,399060000,39906-00-00,Craniectomy for infection of skull,Craniectomy for infection of skull,13,Excision of lesion of skull,1,Procedures on nervous system ,Oral and maxillofacial surgery ,10000,
Non-admitted,973380000,97338-00-00,"Reduction of flabby ridge, per segment","Reduction of flabby ridge, per segment",459,Surgery for prosthetics,6,Dental services ,Oral and maxillofacial surgery ,1200,
Non-admitted,973410000,97341-00-00,R/O of hyperplastic tissue,Removal of hyperplastic tissue; per tooth,459,Surgery for prosthetics,6,Dental services ,Oral and maxillofacial surgery ,1200,
Non-admitted,973770020,97377-00-20,R/O of Pericoronal gingiva,Removal of Pericoronal gingiva,460,General surgical dental procedure,6,Dental services ,Oral and maxillofacial surgery ,700,
Non-admitted,973790000,97379-00-00,Marsupialisation of cyst in oral cavity,Marsupialisation of cyst in oral cavity,460,General surgical dental procedure,6,Dental services ,Oral and maxillofacial surgery ,2000,
Non-admitted,520350000,52035-00-00,Endoscopic laser therapy of upper aerodigestive tract,Endoscopic laser therapy of upper aerodigestive tract,419,Destruction procedures on pharynx,5,"Procedures on nose, mouth and pharynx ",Oral and maxillofacial surgery ,1500,
Admitted,456050100,45605-01-00,Partial resection of maxilla,Partial resection of maxilla,1700,Resection of maxilla,16,Dermatological and plastic procedures ,Oral and maxillofacial surgery ,30000,
Admitted,456050000,45605-00-00,Partial resection of mandible,Partial resection of mandible,1700,Resection of maxilla,16,Dermatological and plastic procedures ,Oral and maxillofacial surgery ,30000,
Admitted,521200000,52120-00-00,Partial resection of mandible with condylectomy,Partial resection of mandible with condylectomy,1700,Resection of maxilla,16,Dermatological and plastic procedures ,Oral and maxillofacial surgery ,30000,
Admitted,456020100,45602-01-00,"Subtotal resection of maxilla, uni","Subtotal resection of maxilla, unilateral",1700,Resection of maxilla,16,Dermatological and plastic procedures ,Oral and maxillofacial surgery ,30000,
Admitted,456020000,45602-00-00,Subtotal resection of mandible,Subtotal resection of mandible,1700,Resection of maxilla,16,Dermatological and plastic procedures ,Oral and maxillofacial surgery ,30000,
Admitted,455990010,45599-00-10,Radical resection of mandible with bone graft,Radical resection of mandible with bone graft,1699,Resection of mandible,16,Dermatological and plastic procedures ,Oral and maxillofacial surgery ,30000,
Admitted,455960000,45596-00-00,Total resection of 1 maxilla,"Total resection of maxilla, unilateral",1700,Resection of maxilla,16,Dermatological and plastic procedures ,Oral and maxillofacial surgery ,6000,
Admitted,901390010,90139-00-10,Sialodochoplasty,Sialodochoplasty,398,Repair procedures on salivary gland or duct,5,"Procedures on nose, mouth and pharynx ",Oral and maxillofacial surgery ,1000,
Admitted,302690000,30269-00-00,Repair of fistula of salivary gland or duct (Salivary fistulectomy),Repair of fistula of salivary gland or duct (Salivary fistulectomy),398,Repair procedures on salivary gland or duct,5,"Procedures on nose, mouth and pharynx ",Oral and maxillofacial surgery ,3500,
Admitted,458370100,45837-01-00,Open vestibuloplasty,Open vestibuloplasty,406,"Other repair procedures on mouth, palate or uvula",5,"Procedures on nose, mouth and pharynx ",Oral and maxillofacial surgery ,3000,
Admitted,458370000,45837-00-00,Submucosal vestibuloplasty,Submucosal vestibuloplasty,406,"Other repair procedures on mouth, palate or uvula",5,"Procedures on nose, mouth and pharynx ",Oral and maxillofacial surgery ,3000,
Admitted,458370120,45837-01-20,Grafting vestibuloplasty,Grafting vestibuloplasty,406,"Other repair procedures on mouth, palate or uvula",5,"Procedures on nose, mouth and pharynx ",Oral and maxillofacial surgery ,9000,
Admitted,458370110,45837-01-10,Secondary epithelialization vestibuloplasty,Secondary epithelialization vestibuloplasty,406,"Other repair procedures on mouth, palate or uvula",5,"Procedures on nose, mouth and pharynx ",Oral and maxillofacial surgery ,9000,
Admitted,901360010,90136-00-10,Lingual frenuloplasty,Lingual frenuloplasty,393,Repair procedures on tongue,5,"Procedures on nose, mouth and pharynx ",Oral and maxillofacial surgery ,9000,
Admitted,901390000,90139-00-00,Other repair of salivary gland or duct,Other repair of salivary gland or duct,398,Repair procedures on salivary gland or duct,5,"Procedures on nose, mouth and pharynx ",Oral and maxillofacial surgery ,7000,
Admitted,901420100,90142-01-00,Other repair of palate,Other repair of palate,406,"Other repair procedures on mouth, palate or uvula",5,"Procedures on nose, mouth and pharynx ",Oral and maxillofacial surgery ,4000,
Non-admitted,973770000,97377-00-00,Dental tx inv R/O or repair soft tissue NEC,"Dental treatment involving removal or repair of soft tissue, not elsewhere classified",460,General surgical dental procedure,6,Dental services ,Oral and maxillofacial surgery ,600,
Admitted,906790000,90679-00-00,"Osteotomy of zygoma, uni","Osteotomy of zygoma, unilateral",1703,Osteotomy or ostectomy of zygoma,16,Dermatological and plastic procedures ,Oral and maxillofacial surgery ,30000,
Admitted,906790100,90679-01-00,"Osteotomy of zygoma, bil","Osteotomy of zygoma, bilateral",1703,Osteotomy or ostectomy of zygoma,16,Dermatological and plastic procedures ,Oral and maxillofacial surgery ,35000,
Admitted,906800000,90680-00-00,"Osteotomy of zygoma w int fixation, uni","Osteotomy of zygoma with internal fixation, unilateral",1704,Osteotomy or ostectomy of zygoma with internal fixation,16,Dermatological and plastic procedures ,Oral and maxillofacial surgery ,40000,
Admitted,906800100,90680-01-00,"Osteotomy of zygoma w int fixation, bil","Osteotomy of zygoma with internal fixation, bilateral",1704,Osteotomy or ostectomy of zygoma with internal fixation,16,Dermatological and plastic procedures ,Oral and maxillofacial surgery ,45000,
Admitted,906790200,90679-02-00,"Ostectomy of zygoma, uni","Ostectomy of zygoma, unilateral",1703,Osteotomy or ostectomy of zygoma,16,Dermatological and plastic procedures ,Oral and maxillofacial surgery ,30000,
Admitted,906790300,90679-03-00,"Ostectomy of zygoma, bil","Ostectomy of zygoma, bilateral",1703,Osteotomy or ostectomy of zygoma,16,Dermatological and plastic procedures ,Oral and maxillofacial surgery ,35000,
Admitted,906800200,90680-02-00,"Ostectomy of zygoma w int fixation, uni","Ostectomy of zygoma with internal fixation, unilateral",1704,Osteotomy or ostectomy of zygoma with internal fixation,16,Dermatological and plastic procedures ,Oral and maxillofacial surgery ,40000,
Admitted,906800300,90680-03-00,"Ostectomy of zygoma w int fixation, bil","Ostectomy of zygoma with internal fixation, bilateral",1704,Osteotomy or ostectomy of zygoma with internal fixation,16,Dermatological and plastic procedures ,Oral and maxillofacial surgery ,45000,
Admitted,457200110,45720-01-10,Segmental osteotomy,Segmental osteotomy,1705,Osteotomy or ostectomy of mandible or maxilla,16,Dermatological and plastic procedures ,Oral and maxillofacial surgery ,90000,
Admitted,457200100,45720-01-00,"Osteotomy of maxilla, uni","Osteotomy of maxilla, unilateral",1705,Osteotomy or ostectomy of mandible or maxilla with internal fixation,16,Dermatological and plastic procedures ,Oral and maxillofacial surgery ,7000,
Admitted,457260100,45726-01-00,"Osteotomy maxilla, bil","Osteotomy of maxilla, bilateral",1705,Osteotomy or ostectomy of mandible or maxilla with internal fixation,16,Dermatological and plastic procedures ,Oral and maxillofacial surgery ,23000,
Admitted,457230100,45723-01-00,"Osteotomy maxilla w IF, uni","Osteotomy of maxilla with internal fixation, unilateral",1706,Osteotomy or ostectomy of mandible or maxilla with internal fixation,16,Dermatological and plastic procedures ,Oral and maxillofacial surgery ,90000,
Admitted,457290100,45729-01-00,"Osteotomy maxilla w IF, bil","Osteotomy of maxilla with internal fixation, bilateral",1706,Osteotomy or ostectomy of mandible or maxilla with internal fixation,16,Dermatological and plastic procedures ,Oral and maxillofacial surgery ,16000,
Admitted,457200000,45720-00-00,"Osteotomy of mandible, uni","Osteotomy of mandible, unilateral",1705,Osteotomy or ostectomy of mandible or maxilla,16,Dermatological and plastic procedures ,Oral and maxillofacial surgery ,7000,
Admitted,457260000,45726-00-00,"Osteotomy of mandible, bil","Osteotomy of mandible, bilateral",1705,Osteotomy or ostectomy of mandible or maxilla,16,Dermatological and plastic procedures ,Oral and maxillofacial surgery ,7000,
Admitted,457230000,45723-00-00,"Osteotomy mandible with IF, uni","Osteotomy of mandible with internal fixation, unilateral",1706,Osteotomy or ostectomy of mandible or maxilla with internal fixation,16,Dermatological and plastic procedures ,Oral and maxillofacial surgery ,9000,
Admitted,457290000,45729-00-00,"Osteotomy mandible with IF, bil","Osteotomy of mandible with internal fixation, bilateral",1706,Osteotomy or ostectomy of mandible or maxilla with internal fixation,16,Dermatological and plastic procedures ,Oral and maxillofacial surgery ,90000,
Admitted,457200300,45720-03-00,"Ostectomy of maxilla, uni","Ostectomy of maxilla, unilateral",1705,Osteotomy or ostectomy of mandible or maxilla,16,Dermatological and plastic procedures ,Oral and maxillofacial surgery ,6000,
Admitted,457260300,45726-03-00,"Ostectomy of maxilla, bil","Ostectomy of maxilla, bilateral",1705,Osteotomy or ostectomy of mandible or maxilla,16,Dermatological and plastic procedures ,Oral and maxillofacial surgery ,90000,
Admitted,457230300,45723-03-00,"Ostectomy maxilla with IF, uni","Ostectomy of maxilla with internal fixation, unilateral",1706,Osteotomy or ostectomy of mandible or maxilla with internal fixation,16,Dermatological and plastic procedures ,Oral and maxillofacial surgery ,90000,
Admitted,457290300,45729-03-00,"Ostectomy maxilla with IF, bil","Ostectomy of maxilla with internal fixation, bilateral",1706,Osteotomy or ostectomy of mandible or maxilla with internal fixation,16,Dermatological and plastic procedures ,Oral and maxillofacial surgery ,90000,
Admitted,457200200,45720-02-00,"Ostectomy of mandible, uni","Ostectomy of mandible, unilateral",1705,Osteotomy or ostectomy of mandible or maxilla,16,Dermatological and plastic procedures ,Oral and maxillofacial surgery ,2000,
Admitted,457260200,45726-02-00,"Ostectomy of mandible, bil","Ostectomy of mandible, bilateral",1705,Osteotomy or ostectomy of mandible or maxilla,16,Dermatological and plastic procedures ,Oral and maxillofacial surgery ,6000,
Admitted,457230200,45723-02-00,"Ostectomy mandible with IF, uni","Ostectomy of mandible with internal fixation, unilateral",1706,Osteotomy or ostectomy of mandible or maxilla with internal fixation,16,Dermatological and plastic procedures ,Oral and maxillofacial surgery ,90000,
Admitted,457290200,45729-02-00,"Ostectomy mandible with IF, bil","Ostectomy of mandible with internal fixation, bilateral",1706,Osteotomy or ostectomy of mandible or maxilla with internal fixation,16,Dermatological and plastic procedures ,Oral and maxillofacial surgery ,90000,
Admitted,457310100,45731-01-00,Osteo/ostectomies maxilla <= 3 proc,"Osteotomies or ostectomies of maxilla, less than or equal to 3 procedures",1707,"Osteotomy or ostectomy of mandible or maxilla, procedures in combination",16,Dermatological and plastic procedures ,Oral and maxillofacial surgery ,90000,
Admitted,457310000,45731-00-00,Osteo/ostectomies mandible <= 3 proc,"Osteotomies or ostectomies of mandible, less than or equal to 3 procedures",1707,"Osteotomy or ostectomy of mandible or maxilla, procedures in combination",16,Dermatological and plastic procedures ,Oral and maxillofacial surgery ,90000,
Admitted,457350000,45735-00-00,4 Osteo/ostectomies mandible & maxilla,"Osteotomies or ostectomies of mandible and maxilla, 4 procedures",1707,"Osteotomy or ostectomy of mandible or maxilla, procedures in combination",16,Dermatological and plastic procedures ,Oral and maxillofacial surgery ,90000,
Admitted,457470010,45747-00-10,"Osteo/ostectomies mandible & maxilla beyond 4 procedures, each additional procedure","Osteotomies or Ostectomies mandible & maxilla beyond 4 procedures, each additional procedure",1707,"Osteotomy or ostectomy of mandible or maxilla, procedures in combination",16,Dermatological and plastic procedures ,Oral and maxillofacial surgery ,90000,
Admitted,457320100,45732-01-00,<= 3 Osteo/ostectomies maxilla w IF,"Osteotomies or ostectomies of maxilla, less than or equal to 3 procedures, with internal fixation",1708,"Osteotomy or ostectomy of mandible or maxilla with internal fixation, procedures in combination",16,Dermatological and plastic procedures ,Oral and maxillofacial surgery ,1200,
Admitted,457320000,45732-00-00,<= 3 Osteo/ostectomies mandible w IF,"Osteotomies or ostectomies of mandible, less than or equal to 3 procedures, with internal fixation",1708,"Osteotomy or ostectomy of mandible or maxilla with internal fixation, procedures in combination",16,Dermatological and plastic procedures ,Oral and maxillofacial surgery ,90000,
Admitted,457380000,45738-00-00,4 Osteo/ostectomies mand & maxilla w IF,"Osteotomies or ostectomies of mandible and maxilla, 4 procedures, with internal fixation",1708,"Osteotomy or ostectomy of mandible or maxilla with internal fixation, procedures in combination",16,Dermatological and plastic procedures ,Oral and maxillofacial surgery ,90000,
Admitted,457520010,45752-00-10,"Osteo/ostectomies mandible & maxilla beyond 4 procedures; with internal fixation, each additional procedure","Osteotomies or Ostectomies mandible & maxilla beyond 4 procedures; with internal fixation, each additional procedure",1708,"Osteotomy or ostectomy of mandible or maxilla with internal fixation, procedures in combination",16,Dermatological and plastic procedures ,Oral and maxillofacial surgery ,90000,
Admitted,457540000,45754-00-00,Midfacial osteotomies with IF,Midfacial osteotomies with internal fixation,1709,Midfacial osteotomies,16,Dermatological and plastic procedures ,Oral and maxillofacial surgery ,25000,
Admitted,457200210,45720-02-10,Coronoidectomy,Coronoidectomy,1705,Osteotomy or ostectomy of mandible or maxilla,16,Dermatological and plastic procedures ,Oral and maxillofacial surgery ,1500,
Admitted,457260110,45726-01-10,Total LeFort I surgery,Total LeFort I surgery,1705,Osteotomy or ostectomy of mandible or maxilla,16,Dermatological and plastic procedures ,Oral and maxillofacial surgery ,25000,
Admitted,457260120,45726-01-20,Segmented LeFort I surgery,Segmented LeFort I surgery,1705,Osteotomy or ostectomy of mandible or maxilla,16,Dermatological and plastic procedures ,Oral and maxillofacial surgery ,15000,
Admitted,457530000,45753-00-00,LeFort II / LeFort III surgery,LeFort II or LeFort III surgery,1709,Midfacial osteotomies,16,Dermatological and plastic procedures ,Oral and maxillofacial surgery ,25000,
Admitted,520960001,52096-00-01,"Insertion of pin or wire into maxilla, mandible or zygoma, uni","Insertion of pin or wire into maxilla, mandible or zygoma, unilateral",1360,"Application, insertion or removal procedures of head",15,Procedures on musculoskeletal system ,Oral and maxillofacial surgery ,6000,
Admitted,520960002,52096-00-02,"Insertion of pin or wire into maxilla, mandible or zygoma, bil","Insertion of pin or wire into maxilla, mandible or zygoma, bilateral",1360,"Application, insertion or removal procedures of head",15,Procedures on musculoskeletal system ,Oral and maxillofacial surgery ,2000,
Non-admitted,520960010,52096-00-10,Temporary anchorage screw; retained plate PL and R/O w flap,"Temporary anchorage screw retained plate placement and removal, requiring flap",1360,"Application, insertion or removal procedures of head",15,Procedures on musculoskeletal system ,Oral and maxillofacial surgery ,6000,
Non-admitted,520960020,52096-00-20,Temporary anchorage device PL and R/O w flap,"Temporary anchorage device placement and removal, requiring flap",1360,"Application, insertion or removal procedures of head",15,Procedures on musculoskeletal system ,Oral and maxillofacial surgery ,4000,
Admitted,534000000,53400-00-00,Immobils fracture maxilla wo splinting,Immobilisation of fracture of maxilla without splinting,1360,"Application, insertion or removal procedures of head",15,Procedures on musculoskeletal system ,Oral and maxillofacial surgery ,5000,
Admitted,534030000,53403-00-00,Immobils fracture mandible wo splinting,Immobilisation of fracture of mandible without splinting,1360,"Application, insertion or removal procedures of head",15,Procedures on musculoskeletal system ,Oral and maxillofacial surgery ,5000,
Admitted,534100000,53410-00-00,Immobilisation of fracture of zygoma,Immobilisation of fracture of zygoma,1360,"Application, insertion or removal procedures of head",15,Procedures on musculoskeletal system ,Oral and maxillofacial surgery ,5000,
Admitted,524200010,52420-00-10,Ex fix maxilla,External fixation of maxilla,1361,External fixation of mandible,15,Procedures on musculoskeletal system ,Oral and maxillofacial surgery ,50000,
Admitted,477530001,47753-00-01,"Close rdctn fx maxilla w fix, uni","Closed reduction of fracture of maxilla with fixation, unilateral",1366,Reduction of fracture of mandible or maxilla,15,Procedures on musculoskeletal system ,Oral and maxillofacial surgery ,3000,
Admitted,477530002,47753-00-02,"Close rdctn fx maxilla w fix, bil","Closed reduction of fracture of maxilla with fixation, bilateral",1366,Reduction of fracture of mandible or maxilla,15,Procedures on musculoskeletal system ,Oral and maxillofacial surgery ,60000,
Admitted,477770021,47777-00-21,Open rdctn of maxillary fracture w teeth immobilization,"Open reduction of maxillary fracture with teeth immobilization, unilateral",1366,Reduction of fracture of mandible or maxilla,15,Procedures on musculoskeletal system ,Oral and maxillofacial surgery ,4500,
Admitted,477770022,47777-00-22,Open rdctn of maxillary fracture w teeth immobilization,"Open reduction of maxillary fracture with teeth immobilization, bilateral",1366,Reduction of fracture of mandible or maxilla,15,Procedures on musculoskeletal system ,Oral and maxillofacial surgery ,4500,
Admitted,477740001,47774-00-01,"Open reduction of fracture of maxilla, uni","Open reduction of fracture of maxilla, unilateral",1366,Reduction of fracture of mandible or maxilla,15,Procedures on musculoskeletal system ,Oral and maxillofacial surgery ,5000,
Admitted,477740002,47774-00-02,"Open reduction of fracture of maxilla, bil","Open reduction of fracture of maxilla, bilateral",1366,Reduction of fracture of mandible or maxilla,15,Procedures on musculoskeletal system ,Oral and maxillofacial surgery ,60000,
Admitted,477860001,47786-00-01,"Open rdctn fx maxilla W/ IF, uni; uni","Open reduction of fracture of maxilla with internal fixation, unilateral",1366,Reduction of fracture of mandible or maxilla,15,Procedures on musculoskeletal system ,Oral and maxillofacial surgery ,5000,
Admitted,477860002,47786-00-02,"Open rdctn fx maxilla W/ IF, uni; bil","Open reduction of fracture of maxilla with internal fixation, bilateral",1366,Reduction of fracture of mandible or maxilla,15,Procedures on musculoskeletal system ,Oral and maxillofacial surgery ,80000,
Admitted,534240001,53424-00-01,"Open rdctn complicated fx maxilla, uni","Open reduction of complicated fracture of maxilla, unilateral",1366,Reduction of fracture of mandible or maxilla,15,Procedures on musculoskeletal system ,Oral and maxillofacial surgery ,8000,
Admitted,534240002,53424-00-02,"Open rdctn complicated fx maxilla, bil","Open reduction of complicated fracture of maxilla, bilateral",1366,Reduction of fracture of mandible or maxilla,15,Procedures on musculoskeletal system ,Oral and maxillofacial surgery ,12000,
Admitted,534270001,53427-00-01,"Open rdctn compl fx maxilla W/ IF, uni; uni","Open reduction of complicated fracture of maxilla with internal fixation, unilateral",1366,Reduction of fracture of mandible or maxilla,15,Procedures on musculoskeletal system ,Oral and maxillofacial surgery ,12000,
Admitted,534270002,53427-00-02,"Open rdctn compl fx maxilla W/ IF, uni; bil","Open reduction of complicated fracture of maxilla with internal fixation, bilateral",1366,Reduction of fracture of mandible or maxilla,15,Procedures on musculoskeletal system ,Oral and maxillofacial surgery ,80000,
Admitted,477560001,47756-00-01,"Close rdctn fx mand w fix, uni","Closed reduction of fracture of mandible with fixation, unilateral",1366,Reduction of fracture of mandible or maxilla,15,Procedures on musculoskeletal system ,Oral and maxillofacial surgery ,5000,
Admitted,477560002,47756-00-02,"Close rdctn fx mand w fix, bil","Closed reduction of fracture of mandible with fixation, bilateral",1366,Reduction of fracture of mandible or maxilla,15,Procedures on musculoskeletal system ,Oral and maxillofacial surgery ,5000,
Admitted,477770011,47777-00-11,Open rdctn of mandibular fracture w teeth immobilization,"Open reduction of mandibular fracture with teeth immobilization, unilateral",1366,Reduction of fracture of mandible or maxilla,15,Procedures on musculoskeletal system ,Oral and maxillofacial surgery ,4000,
Admitted,477770012,47777-00-12,Open rdctn of mandibular fracture w teeth immobilization,"Open reduction of mandibular fracture with teeth immobilization, bilateral",1366,Reduction of fracture of mandible or maxilla,15,Procedures on musculoskeletal system ,Oral and maxillofacial surgery ,4000,
Admitted,477770001,47777-00-01,"Open reduction of fracture of mandible, uni","Open reduction of fracture of mandible, unilateral",1366,Reduction of fracture of mandible or maxilla,15,Procedures on musculoskeletal system ,Oral and maxillofacial surgery ,5000,
Admitted,477770002,47777-00-02,"Open reduction of fracture of mandible, bil","Open reduction of fracture of mandible, bilateral",1366,Reduction of fracture of mandible or maxilla,15,Procedures on musculoskeletal system ,Oral and maxillofacial surgery ,10000,
Admitted,477890001,47789-00-01,"Open rdctn fx mandible w IF, uni","Open reduction of fracture of mandible with internal fixation, unilateral",1366,Reduction of fracture of mandible or maxilla,15,Procedures on musculoskeletal system ,Oral and maxillofacial surgery ,10000,
Admitted,477890002,47789-00-02,"Open rdctn fx mandible w IF, bil","Open reduction of fracture of mandible with internal fixation, bilateral",1366,Reduction of fracture of mandible or maxilla,15,Procedures on musculoskeletal system ,Oral and maxillofacial surgery ,10000,
Admitted,534250001,53425-00-01,"Open rdctn comp fx mandible, uni","Open reduction of complicated fracture of mandible, unilateral",1366,Reduction of fracture of mandible or maxilla,15,Procedures on musculoskeletal system ,Oral and maxillofacial surgery ,18000,
Admitted,534250002,53425-00-02,"Open rdctn comp fx mandible, bil","Open reduction of complicated fracture of mandible, bilateral",1366,Reduction of fracture of mandible or maxilla,15,Procedures on musculoskeletal system ,Oral and maxillofacial surgery ,60000,
Admitted,534290001,53429-00-01,"Open rdctn complic fx mandible w IF, uni","Open reduction of complicated fracture of mandible with internal fixation, unilateral",1366,Reduction of fracture of mandible or maxilla,15,Procedures on musculoskeletal system ,Oral and maxillofacial surgery ,18000,
Admitted,534290002,53429-00-02,"Open rdctn complic fx mandible w IF, bil","Open reduction of complicated fracture of mandible with internal fixation, bilateral",1366,Reduction of fracture of mandible or maxilla,15,Procedures on musculoskeletal system ,Oral and maxillofacial surgery ,60000,
Admitted,905300100,90530-01-00,Open rdctn alveolar bone fx W/ or W/O teeth splinting,Open reduction of alveolar bone fracture with or without teeth splinting,1367,Reduction of fracture of mandibular or maxillary alveolar ridge,15,Procedures on musculoskeletal system ,Oral and maxillofacial surgery ,5000,
Admitted,477620101,47762-01-01,"Close rdctn fx zyg bone w fix, uni","Closed reduction of fracture of zygomatic bone with fixation, unilateral",1368,Reduction of fracture of zygomatic bone,15,Procedures on musculoskeletal system ,Oral and maxillofacial surgery ,3000,
Admitted,477620102,47762-01-02,"Close rdctn fx zyg bone w fix, bil","Closed reduction of fracture of zygomatic bone with fixation, bilateral",1368,Reduction of fracture of zygomatic bone,15,Procedures on musculoskeletal system ,Oral and maxillofacial surgery ,3000,
Admitted,477620001,47762-00-01,"Open rdctn fx zygomatic bone, uni","Open reduction of fracture of zygomatic bone, unilateral",1368,Reduction of fracture of zygomatic bone,15,Procedures on musculoskeletal system ,Oral and maxillofacial surgery ,4500,
Admitted,477620002,47762-00-02,"Open rdctn fx zygomatic bone, bil","Open reduction of fracture of zygomatic bone, bilateral",1368,Reduction of fracture of zygomatic bone,15,Procedures on musculoskeletal system ,Oral and maxillofacial surgery ,60000,
Admitted,477650001,47765-00-01,"Open rdctn fx zyg bone W/ ex fix, 1, uni","Open reduction of fracture of zygomatic bone with external fixation, 1 site, unilateral",1368,Reduction of fracture of zygomatic bone,15,Procedures on musculoskeletal system ,Oral and maxillofacial surgery ,4500,
Admitted,477650011,47765-00-11,"Open rdctn fx zyg bone W/ ex fix, each addtnl site, uni","Open reduction of fracture of zygomatic bone with external fixation, each additional site, unilateral",1368,Reduction of fracture of zygomatic bone,15,Procedures on musculoskeletal system ,Oral and maxillofacial surgery ,70000,
Admitted,477650002,47765-00-02,"Open rdctn fx zyg bone W/ ex fix, 1,bil","Open reduction of fracture of zygomatic bone with external fixation, 1 site, bilateral",1368,Reduction of fracture of zygomatic bone,15,Procedures on musculoskeletal system ,Oral and maxillofacial surgery ,80000,
Admitted,477650012,47765-00-12,"Open rdctn fx zyg bone W/ ex fix, each addtnl site, bil","Open reduction of fracture of zygomatic bone with external fixation, each additional site, bilateral",1368,Reduction of fracture of zygomatic bone,15,Procedures on musculoskeletal system ,Oral and maxillofacial surgery ,80000,
Admitted,477650101,47765-01-01,"Open rdctn fx zyg bone W/ IF, 1 site, uni","Open reduction of fracture of zygomatic bone with internal fixation, 1 site, unilateral",1368,Reduction of fracture of zygomatic bone,15,Procedures on musculoskeletal system ,Oral and maxillofacial surgery ,13000,
Admitted,477650111,47765-01-11,"Open rdctn fx zyg bone W/ IF, each addtnl site, uni","Open reduction of fracture of zygomatic bone with internal fixation, each additional site, unilateral",1368,Reduction of fracture of zygomatic bone,15,Procedures on musculoskeletal system ,Oral and maxillofacial surgery ,70000,
Admitted,477650102,47765-01-02,"Open rdctn fx zyg bone W/ IF, 1 site, bil","Open reduction of fracture of zygomatic bone with internal fixation, 1 site, bilateral",1368,Reduction of fracture of zygomatic bone,15,Procedures on musculoskeletal system ,Oral and maxillofacial surgery ,70000,
Admitted,477650112,47765-01-12,"Open rdctn fx zyg bone W/ IF, each addtnl site, bil","Open reduction of fracture of zygomatic bone with internal fixation, each additional site, bilateral",1368,Reduction of fracture of zygomatic bone,15,Procedures on musculoskeletal system ,Oral and maxillofacial surgery ,80000,
Admitted,470000001,47000-00-01,"Close rdctn disloc of TMJ, uni","Closed reduction of dislocation of temporomandibular joint, unilateral",1369,Reduction of temporomandibular joint,15,Procedures on musculoskeletal system ,Oral and maxillofacial surgery ,600,
Admitted,470000002,47000-00-02,"Close rdctn disloc of TMJ, bil","Closed reduction of dislocation of temporomandibular joint, bilateral",1369,Reduction of temporomandibular joint,15,Procedures on musculoskeletal system ,Oral and maxillofacial surgery ,1000,
Admitted,532030001,53203-00-01,"Open rdctn disloc TMJ, uni","Open reduction of dislocation of temporomandibular joint, unilateral",1369,Reduction of temporomandibular joint,15,Procedures on musculoskeletal system ,Oral and maxillofacial surgery ,30000,
Admitted,532030002,53203-00-02,"Open rdctn disloc TMJ, bil","Open reduction of dislocation of temporomandibular joint, bilateral",1369,Reduction of temporomandibular joint,15,Procedures on musculoskeletal system ,Oral and maxillofacial surgery ,30000,
Admitted,396090210,39609-02-10,ORIF Depressed Frontal Sinus Fx.,Open reduction and internal fixation of depressed Frontal sinus fracture,25,Procedures for skull fracture,1,Procedures on nervous system ,Oral and maxillofacial surgery ,8000,
Admitted,905300310,90530-03-10,Open rdctn w fix of multiple facial bone fx,Open reduction with fixation of multiple facial bone fractures,1370,Reduction of fracture or dislocation of other facial bone,15,Procedures on musculoskeletal system ,Oral and maxillofacial surgery ,80000,
Admitted,905300200,90530-02-00,"Closed rdctn fx facial bone, NEC","Closed reduction of fracture of facial bone(s), not elsewhere classified",1370,Reduction of fracture or dislocation of other facial bone,15,Procedures on musculoskeletal system ,Oral and maxillofacial surgery ,5000,
Admitted,905300300,90530-03-00,Open rdctn fx facial bone NEC,"Open reduction of fracture of facial bone(s), not elsewhere classified",1370,Reduction of fracture or dislocation of other facial bone,15,Procedures on musculoskeletal system ,Oral and maxillofacial surgery ,12000,
Non-admitted,479480000,47948-00-00,R/O external fix system,Removal of external fixation system,1554,"Other application, insertion or removal procedures on other musculoskeletal sites",15,Procedures on musculoskeletal system ,Oral and maxillofacial surgery ,50000,
Admitted,521020001,52102-00-01,"R/O pin/screw/wire maxilla/mandible/zygo, uni","Removal of pin, screw or wire from maxilla, mandible or zygoma, unilateral",1360,"Application, insertion or removal procedures of head",15,Procedures on musculoskeletal system ,Oral and maxillofacial surgery ,6000,
Admitted,521020002,52102-00-02,"R/O pin/screw/wire maxilla/mandible/zygo, bil","Removal of pin, screw or wire from maxilla, mandible or zygoma, bilateral",1360,"Application, insertion or removal procedures of head",15,Procedures on musculoskeletal system ,Oral and maxillofacial surgery ,2000,
Admitted,458230000,45823-00-00,R/O arch bars frm maxilla or mandible,Removal of arch bars from maxilla or mandible,1360,"Application, insertion or removal procedures of head",15,Procedures on musculoskeletal system ,Oral and maxillofacial surgery ,1000,
Admitted,458650010,45865-00-10,Non-arthroscopic lysis and lavage,Non-arthroscopic lysis and lavage,1360,"Application, insertion or removal procedures of head",15,Procedures on musculoskeletal system ,Oral and maxillofacial surgery ,5000,
Admitted,458550000,45855-00-00,Diagnostic arthroscopy of TMJ W/ or W/O bx,"Diagnostic arthroscopy of the temporomandibular joint, with or without biopsy",1364,"Excision procedures on maxilla, mandible or temporomandibular joint",15,Procedures on musculoskeletal system ,Oral and maxillofacial surgery ,5000,
Admitted,458570000,45857-00-00,Arthroscopy TMJ W/ removal of loose body,Arthroscopy of temporomandibular joint with removal of loose body,1364,"Excision procedures on maxilla, mandible or temporomandibular joint",15,Procedures on musculoskeletal system ,Oral and maxillofacial surgery ,15000,
Admitted,458550010,45855-00-10,Arthroscopic lysis and lavage of TMJ,Arthroscopic lysis and lavage of temporomandibular joint,1364,"Excision procedures on maxilla, mandible or temporomandibular joint",15,Procedures on musculoskeletal system ,Oral and maxillofacial surgery ,15000,
Admitted,458550020,45855-00-20,Arthroscopic repositioning and stabilization of TMJ disc,Arthroscopic repositioning and stabilization of temporomandibular joint disc,1364,"Excision procedures on maxilla, mandible or temporomandibular joint",15,Procedures on musculoskeletal system ,Oral and maxillofacial surgery ,15000,
Admitted,458550030,45855-00-30,Arthroscopic synovectomy of TMJ,Arthroscopic synovectomy of temporomandibular joint,1364,"Excision procedures on maxilla, mandible or temporomandibular joint",15,Procedures on musculoskeletal system ,Oral and maxillofacial surgery ,15000,
Admitted,458550040,45855-00-40,Arthroscopic discectomy of TMJ,Arthroscopic discectomy of temporomandibular joint,1364,"Excision procedures on maxilla, mandible or temporomandibular joint",15,Procedures on musculoskeletal system ,Oral and maxillofacial surgery ,15000,
Admitted,458550050,45855-00-50,TMJ discectomy,Temporomandibular joint discectomy,1364,"Excision procedures on maxilla, mandible or temporomandibular joint",15,Procedures on musculoskeletal system ,Oral and maxillofacial surgery ,40000,
Admitted,458570200,45857-02-00,Arthroscopic div adhesions of TMJ,Arthroscopic division of adhesions of temporomandibular joint,1363,Other incision procedures on maxilla or mandible,15,Procedures on musculoskeletal system ,Oral and maxillofacial surgery ,7000,
Admitted,458610000,45861-00-00,TMJ arthrotomy,Temporomandibular joint arthrotomy,1362,Exploration of temporomandibular joint,15,Procedures on musculoskeletal system ,Oral and maxillofacial surgery ,5000,
Admitted,458650000,45865-00-00,TMJ arthrocentesis,Temporomandibular joint arthrocentesis,1360,"Application, insertion or removal procedures of head",15,Procedures on musculoskeletal system ,Oral and maxillofacial surgery ,5000,
Admitted,458670000,45867-00-00,Synovectomy of the TMJ joint,Synovectomy of the temporomandibular joint,1364,"Excision procedures on maxilla, mandible or temporomandibular joint",15,Procedures on musculoskeletal system ,Oral and maxillofacial surgery ,40000,
Admitted,458630000,45863-00-00,Expl TMJ w condylectomy / condylotomy,Exploration of temporomandibular joint with condylectomy or condylotomy,1362,Exploration of temporomandibular joint,15,Procedures on musculoskeletal system ,Oral and maxillofacial surgery ,5000,
Admitted,458690000,45869-00-00,Expl TMJ w meniscus / capsular surgery,Exploration of the temporomandibular joint with meniscus or capsular surgery,1362,Exploration of temporomandibular joint,15,Procedures on musculoskeletal system ,Oral and maxillofacial surgery ,40000,
Admitted,458710000,45871-00-00,Expl TMJ w meniscus /capsl / condylar,"Exploration of the temporomandibular joint with meniscus, capsular and condylar surgery",1362,Exploration of temporomandibular joint,15,Procedures on musculoskeletal system ,Oral and maxillofacial surgery ,40000,
Admitted,458730000,45873-00-00,"Expl TMJ usg tis flap, cart gft, allogft","Exploration of the temporomandibular joint with meniscus, capsular and condylar surgery using tissue flaps, cartilage graft or allograft implants",1362,Exploration of temporomandibular joint,15,Procedures on musculoskeletal system ,Oral and maxillofacial surgery ,5000,
Admitted,457550001,45755-00-01,"Meniscectomy TMJ, uni","Meniscectomy of temporomandibular joint, separate procedure (unilateral)",1699,Resection of mandible,16,Dermatological and plastic procedures ,Oral and maxillofacial surgery ,30000,
Admitted,457550002,45755-00-02,"Meniscectomy TMJ, bil","Meniscectomy of temporomandibular joint, separate procedure (bilateral)",1699,Resection of mandible,16,Dermatological and plastic procedures ,Oral and maxillofacial surgery ,50000,
Admitted,457580000,45758-00-00,TMJ arthroplasty,Temporomandibular joint arthroplasty,1712,Other repair of skull or facial bone,16,Dermatological and plastic procedures ,Oral and maxillofacial surgery ,5000,
Admitted,501150010,50115-00-10,TMJ Manipulation,Temporomandibular Manipulation,1905,Therapeutic interventions on musculoskeletal system,19,"Non-invasive, cognitive and other interventions, not elsewhere classified**   ",Oral and maxillofacial surgery ,1000,
Admitted,905680010,90568-00-10,TMJ Myotomy ( Dental),Temporomandibular Myotomy done by a dentist,1559,Incision procedures on other musculoskeletal sites,15,Procedures on musculoskeletal system ,Oral and maxillofacial surgery ,2500,
Non-admitted,458750000,45875-00-00,Stabilisation of TMJ,Stabilisation of temporomandibular joint,1371,"Repair procedures on maxilla, mandible or temporomandibular joint",15,Procedures on musculoskeletal system ,Oral and maxillofacial surgery ,2000,
Admitted,458770000,45877-00-00,Arthrodesis of TMJ,Arthrodesis of temporomandibular joint,1371,"Repair procedures on maxilla, mandible or temporomandibular joint",15,Procedures on musculoskeletal system ,Oral and maxillofacial surgery ,5000,
Admitted/non-admitted ,458750010,45875-00-10,"TMD therapy, by report","Temporomandibular Disorder therapy, by report",1371,"Repair procedures on maxilla, mandible or temporomandibular joint",15,Procedures on musculoskeletal system ,Oral and maxillofacial surgery ,700,
Admitted,450510000,45051-00-00,Facial contour reconstruction with implant (includes Chin augmentation involving soft tissue with implant),Facial contour reconstruction with implant (includes Chin augmentation involving soft tissue with implant),1682,Contour reconstruction,16,Dermatological and plastic procedures ,Oral and maxillofacial surgery ,13000,
Admitted,457610100,45761-01-00,Augmentation genioplasty (Chin augmentation involving soft tissue and bone),Augmentation genioplasty (Chin augmentation involving soft tissue and bone),1702,Genioplasty,16,Dermatological and plastic procedures ,Oral and maxillofacial surgery ,13000,
Admitted,457610000,45761-00-00,Reduction genioplasty,Reduction genioplasty,1702,Genioplasty,16,Dermatological and plastic procedures ,Oral and maxillofacial surgery ,6000,
Admitted,456770000,45677-00-00,"Primary repair of cleft lip, uni","Primary repair of cleft lip, unilateral",1689,Procedures for cleft lip,16,Dermatological and plastic procedures ,Oral and maxillofacial surgery ,2000,
Admitted,456830000,45683-00-00,"Primary repair of cleft lip, bil","Primary repair of cleft lip, bilateral",1689,Procedures for cleft lip,16,Dermatological and plastic procedures ,Oral and maxillofacial surgery ,5000,
Admitted,456890000,45689-00-00,"Lip adhesion proc for cleft lip, uni","Lip adhesion procedure for cleft lip, unilateral",1689,Procedures for cleft lip,16,Dermatological and plastic procedures ,Oral and maxillofacial surgery ,4000,
Admitted,456890100,45689-01-00,"Lip adhesion proc for cleft lip, bil","Lip adhesion procedure for cleft lip, bilateral",1689,Procedures for cleft lip,16,Dermatological and plastic procedures ,Oral and maxillofacial surgery ,50000,
Admitted,456920000,45692-00-00,Partial revision of cleft lip,Partial revision of cleft lip,1689,Procedures for cleft lip,16,Dermatological and plastic procedures ,Oral and maxillofacial surgery ,4000,
Admitted,456950000,45695-00-00,Total revision of cleft lip,Total revision of cleft lip,1689,Procedures for cleft lip,16,Dermatological and plastic procedures ,Oral and maxillofacial surgery ,5000,
Admitted,456980000,45698-00-00,"Prim columella lengthening, cleft lip",Primary columella lengthening procedure for cleft lip,1689,Procedures for cleft lip,16,Dermatological and plastic procedures ,Oral and maxillofacial surgery ,2000,
Admitted,457010000,45701-00-00,Recon cleft lip usg flap sgl / first stg,"Reconstruction of cleft lip using flap, single or first stage",1689,Procedures for cleft lip,16,Dermatological and plastic procedures ,Oral and maxillofacial surgery ,1000,
Admitted,457040000,45704-00-00,Recon cleft lip usg flp second stg,"Reconstruction of cleft lip using flap, second stage",1689,Procedures for cleft lip,16,Dermatological and plastic procedures ,Oral and maxillofacial surgery ,7000,
Admitted,457070000,45707-00-00,Primary repair of cleft palate,Primary repair of cleft palate,1690,Procedures for cleft palate,16,Dermatological and plastic procedures ,Oral and maxillofacial surgery ,10000,
Admitted,457100000,45710-00-00,"Sec rep cleft palate, cls fist usg flap","Secondary repair of cleft palate, closure of fistula using local flap",1690,Procedures for cleft palate,16,Dermatological and plastic procedures ,Oral and maxillofacial surgery ,13000,
Admitted,457130000,45713-00-00,"Sec repair cleft palate, lengthen proc","Secondary repair of cleft palate, lengthening procedure",1690,Procedures for cleft palate,16,Dermatological and plastic procedures ,Oral and maxillofacial surgery ,4000,
Admitted,523370000,52337-00-00,Repair of alveolar cleft,Repair of alveolar cleft,1690,Procedures for cleft palate,16,Dermatological and plastic procedures ,Oral and maxillofacial surgery ,8000,
Non-admitted,458490010,45849-00-10,Sinus augmentation; lateral approach,Sinus augmentation via lateral approach,388,Other repair procedures on nasal sinuses,5,"Procedures on nose, mouth and pharynx ",Oral and maxillofacial surgery ,5000,
Non-admitted,458490020,45849-00-20,Sinus augmentation; vertical approach,Sinus augmentation via vertical approach,388,Other repair procedures on nasal sinuses,5,"Procedures on nose, mouth and pharynx ",Oral and maxillofacial surgery ,5000,
Non-admitted,458490030,45849-00-30,Sinus augmentation; crestal approach,Sinus augmentation via crestal approach,388,Other repair procedures on nasal sinuses,5,"Procedures on nose, mouth and pharynx ",Oral and maxillofacial surgery ,5000,
Non-admitted,417220011,41722-00-11,"Sinus perforation repair, uni","Sinus perforation repair, unilateral",388,Other repair procedures on nasal sinuses,5,"Procedures on nose, mouth and pharynx ",Oral and maxillofacial surgery ,3000,
Non-admitted,417220012,41722-00-12,"Sinus perforation repair, bil","Sinus perforation repair, bilateral",388,Other repair procedures on nasal sinuses,5,"Procedures on nose, mouth and pharynx ",Oral and maxillofacial surgery ,3000,
Non-admitted,417220001,41722-00-01,"Closure of oro-antral fistula, uni","Closure of oro-antral fistula, unilateral",388,Other repair procedures on nasal sinuses,5,"Procedures on nose, mouth and pharynx ",Oral and maxillofacial surgery ,3000,
Non-admitted,417220002,41722-00-02,"Closure of oro-antral fistula, bil","Closure of oro-antral fistula, bilateral",388,Other repair procedures on nasal sinuses,5,"Procedures on nose, mouth and pharynx ",Oral and maxillofacial surgery ,3000,
Admitted,901420200,90142-02-00,Cleft uvules correction,Cleft uvules correction,406,"Other repair procedures on mouth, palate or uvula",5,"Procedures on nose, mouth and pharynx ",Oral and maxillofacial surgery ,2000,
Admitted,393240010,39324-00-10,Transection/avul; infraorbital nerve,Transection/avulsion of infraorbital nerve,82,Other neurectomy,1,Procedures on nervous system ,Oral and maxillofacial surgery ,3000,
Admitted,393240020,39324-00-20,Transection/avul; mental nerve,Transection/avulsion of mental nerve,82,Other neurectomy,1,Procedures on nervous system ,Oral and maxillofacial surgery ,3000,
Admitted,393240030,39324-00-30,Transection/avul; inf. Alv. Nerve (osteotomy),Transection/avulsion of inferior alveolar nerve (osteotomy),82,Other neurectomy,1,Procedures on nervous system ,Oral and maxillofacial surgery ,3000,
Admitted,393000010,39300-00-10,Lingual nerve suture,Lingual nerve suture,83,Repair of nerve or nerve trunk,1,Procedures on nervous system ,Oral and maxillofacial surgery ,1500,
Admitted,393000020,39300-00-20,Inferior alveolar nerve suture,Inferior alveolar nerve suture,83,Repair of nerve or nerve trunk,1,Procedures on nervous system ,Oral and maxillofacial surgery ,1500,
Non-admitted,900160010,90016-00-10,Diagnostic blocks,Diagnostic blocks,86,Other procedures on nerves,1,Procedures on nervous system ,Oral and maxillofacial surgery ,100,
Admitted,900160110,90016-01-10,Microdissection and/or microrepair of nerve,Microdissection and/or microrepair of nerve,86,Other procedures on nerves,1,Procedures on nervous system ,Oral and maxillofacial surgery ,3000,
Admitted/non-admitted ,973950000,97395-00-00,Suture nrv trunk in conjtn w dental proc; per nerve trunk,Suture of nerve trunk in conjunction with dental procedure; per nerve trunk,461,Other dental surgical procedure,6,Dental services ,Oral and maxillofacial surgery ,500,
Admitted/non-admitted ,973890100,97389-01-00,Surg to isolate & preserve neurovasc tissue,Surgery to isolate and preserve neurovascular tissue,461,Other dental surgical procedure,6,Dental services ,Oral and maxillofacial surgery ,6000,
Non-admitted,183600110,"18360-01-10
","Injection, trigger points, ligament or tendon sheaths","Injection, trigger points, ligament or tendon sheaths",1552,Administration of agent into other musculoskeletal sites,15,Procedures on musculoskeletal system ,Oral and maxillofacial surgery ,part of main service and / or follow ups,
Admitted,477260010,47726-00-10,"Procure bone for graft via sep incision, dental or oral mxfacial",Procurement of bone for graft via separate incision for dental or oral maxillofacial procedures,1563,Other excision procedures on bone of other musculoskeletal sites,15,Procedures on musculoskeletal system ,Oral and maxillofacial surgery ,1500,
Admitted,450180210,45018-02-10,"Grafting of autologous fat harvested by liposuction technique to face, eyelids, mouth, ears; 25 cc or less injectate","Grafting of autologous fat harvested by liposuction technique to face, eyelids, mouth, ears; 25 cc or less injectate",1668,Dermofat or fat graft,16,Dermatological and plastic procedures ,Oral and maxillofacial surgery ,2000,
Admitted,450180220,45018-02-20,"Grafting of autologous fat harvested by liposuction technique to face, eyelids, mouth, ears; each additional 25 cc or lesser","Grafting of autologous fat harvested by liposuction technique to face, eyelids, mouth, ears; each additional 25 cc or lesser",1668,Dermofat or fat graft,16,Dermatological and plastic procedures ,Oral and maxillofacial surgery ,2000,
Admitted,906690030,90669-00-30,"Harvesting of skin graft, any site (except excision or liposuction, any method)","Harvesting of skin graft, any site (except excision or liposuction, any method)",1660,Other procedures on skin and subcutaneous tissue,16,Dermatological and plastic procedures ,Oral and maxillofacial surgery ,2000,
Non-admitted,458410000,45841-00-00,Alveolar ridge augmentation by bone graft or allograft,Alveolar ridge augmentation by bone graft or allograft,1371,"Repair procedures on maxilla, mandible or temporomandibular joint",15,Procedures on musculoskeletal system ,Oral and maxillofacial surgery ,8000,
Admitted/non-admitted ,458430000,45843-00-00,Alv ridge aug by ins tissue expander,Alveolar ridge augmentation by insertion of tissue expander,1371,"Repair procedures on maxilla, mandible or temporomandibular joint",15,Procedures on musculoskeletal system ,Oral and maxillofacial surgery ,6000,
Admitted,458430010,45843-00-10,"Mandibular implant, other than alveolar ridge","Mandibular implant, other than alveolar ridge",1371,"Repair procedures on maxilla, mandible or temporomandibular joint",15,Procedures on musculoskeletal system ,Oral and maxillofacial surgery ,7000,
Admitted/non-admitted ,901640010,90164-00-10,Emergency tracheotomy,Emergency tracheotomy,522,Incision procedures on larynx,7,Procedures on respiratory system ,Oral and maxillofacial surgery ,1000,
Non-admitted,973990000,97399-00-00,Cntl postop haem fol dental procedure,Control of postoperative haemorrhage following dental procedure; per visit,461,Other dental surgical procedure,6,Dental services ,Oral and maxillofacial surgery ,200,
Non-admitted,979860000,97986-00-00,"Postoperative dental care, NEC","Postoperative dental care, not elsewhere classified",490,Miscellaneous dental services,6,Dental services ,Oral and maxillofacial surgery ,80,
Admitted/non-admitted ,901430000,90143-00-00,Other procedures on mouth,Other procedures on mouth,408,"Other procedures on mouth, palate or uvula",5,"Procedures on nose, mouth and pharynx ",Oral and maxillofacial surgery ,2000,
Admitted/non-admitted ,901430100,90143-01-00,Other procedures on palate,Other procedures on palate,408,"Other procedures on mouth, palate or uvula",5,"Procedures on nose, mouth and pharynx ",Oral and maxillofacial surgery ,1000,
Admitted/non-admitted ,901430200,90143-02-00,Other procedures on uvula,Other procedures on uvula,408,"Other procedures on mouth, palate or uvula",5,"Procedures on nose, mouth and pharynx ",Oral and maxillofacial surgery ,1000,
Admitted/non-admitted ,973990010,97399-00-10,Other and unsp Oral Surgery procedure,Other and unspecified Oral Surgery procedure,461,Other dental surgical procedure,6,Dental services ,Oral and maxillofacial surgery ,1000,
Non-admitted,970110020,97011-00-20,Comprehensive orthodontic exam Treatment,Comprehensive oral examination for orthodontic treatment,450,Dental examination,6,Dental services ,Orthodontics ,500,
Non-admitted,978810010,97881-00-10,Limited orthodontic treatment of the transitional dentition,Limited orthodontic treatment of the transitional dentition,483,Other orthodontic service,6,Dental services ,Orthodontics ,3000,
Non-admitted,978810020,97881-00-20,Limited orthodontic treatment of the adolescent dentition,Limited orthodontic treatment of the adolescent dentition,483,Other orthodontic service,6,Dental services ,Orthodontics ,3000,
Non-admitted,979670000,97967-00-00,Pantographic tracing,Pantographic tracing,489,Occlusal therapy,6,Dental services ,Orthodontics ,600,
Non-admitted,975260010,97526-00-10,Smile analysis,Smile analysis,469,Other restorative dental service,6,Dental services ,Orthodontics ,150,
Non-admitted,979820000,97982-00-00,Enamel stripping of tooth,Enamel stripping of tooth,490,Miscellaneous dental services,6,Dental services ,Orthodontics ,200,
Non-admitted,979610000,97961-00-00,Minor occlusal adjustment,Minor occlusal adjustment,489,Occlusal therapy,6,Dental services ,Orthodontics ,300,
Non-admitted,979680000,97968-00-00,Occlusal adjust foll occlusal analysis,Occlusal adjustment following occlusal analysis,489,Occlusal therapy,6,Dental services ,Orthodontics ,500,
Non-admitted,978290000,97829-00-00,"Partial banding, per arch","Partial banding, per arch",480,Fixed orthodontic appliance,6,Dental services ,Orthodontics ,500,
Non-admitted,978310000,97831-00-00,"Full arch banding, per arch",Full arch banding; per arch,480,Fixed orthodontic appliance,6,Dental services ,Orthodontics ,15000,
Non-admitted,978420000,97842-00-00,Prt banding for intermaxillary elastics,Partial banding for intermaxillary elastics,480,Fixed orthodontic appliance,6,Dental services ,Orthodontics ,1000,
Non-admitted,978620000,97862-00-00,"Bonding atchmt, applicn orthdntc force",Bonding of attachment for application of orthodontic force,482,Orthodontic attachment,6,Dental services ,Orthodontics ,300,
Non-admitted,978110000,97811-00-00,Passive removable aplnce max arch,"Delivery of passive removable appliance, maxillary arch",479,Removable orthodontic appliance,6,Dental services ,Orthodontics ,1000,
Non-admitted,978120100,97812-01-00,Passive removal aplnce mandib arch,"Delivery of passive removable appliance, mandibular arch",479,Removable orthodontic appliance,6,Dental services ,Orthodontics ,1000,
Non-admitted,978210000,97821-00-00,Active removable aplnce max arch,"Delivery of active removable appliance, maxillary arch",479,Removable orthodontic appliance,6,Dental services ,Orthodontics ,1000,
Non-admitted,978220100,97822-01-00,Active removal aplnce mandib arch,"Delivery of active removable appliance, mandibular arch",479,Removable orthodontic appliance,6,Dental services ,Orthodontics ,4000,
Non-admitted,978230000,97823-00-00,Functional orthopaedic appliance; excluding prefabricated,Delivery of functional orthopaedic appliance; excluding prefabricated,479,Removable orthodontic appliance,6,Dental services ,Orthodontics ,3000,
Non-admitted,978230010,97823-00-10,"Functional orthopaedic appliance, prefabricated",Delivery of functional orthopaedic appliance; prefabricated,479,Removable orthodontic appliance,6,Dental services ,Orthodontics ,3000,
Non-admitted,978250000,97825-00-00,"Sequential plastic aligners, per arch",Delivery of sequential plastic aligners; per arch,479,Removable orthodontic appliance,6,Dental services ,Orthodontics ,15000,
Non-admitted,978430000,97843-00-00,Maxillary expansion appliance,Delivery of maxillary expansion appliance,480,Fixed orthodontic appliance,6,Dental services ,Orthodontics ,3000,
Non-admitted,978450000,97845-00-00,Passive fixed appliance,Delivery of passive fixed appliance,480,Fixed orthodontic appliance,6,Dental services ,Orthodontics ,5000,
Non-admitted,978460100,97846-01-00,Fixed minor tooth guidance,Delivery of fixed minor tooth guidance,480,Fixed orthodontic appliance,6,Dental services ,Orthodontics ,200,
Non-admitted,978510000,97851-00-00,Extraoral appliance,Delivery of extraoral appliance,481,Extraoral appliance,6,Dental services ,Orthodontics ,1500,
Non-admitted,971510010,97151-00-10,Removable habit breaking appliance,Removable habit breaking appliance,455,Other preventative dental service,6,Dental services ,Orthodontics ,2000,
Non-admitted,978410000,97841-00-00,Insertion of fixed palatal or lingual arch appliance,Insertion of fixed palatal or lingual arch appliance,480,Fixed orthodontic appliance,6,Dental services ,Orthodontics ,1000,
Non-admitted,978460110,97846-01-10,"Surgical placement, temporary anchorage Device without Surgical Flap","Surgical placement, temporary anchorage device without Surgical Flap",480,Fixed orthodontic appliance,6,Dental services ,Orthodontics ,2000,
Non-admitted,978770100,97877-01-00,Add clasp/spring/tooth to remv aplnce,"Addition of clasp, spring or tooth to removable appliance",483,Other orthodontic service,6,Dental services ,Orthodontics ,300,
Non-admitted,978710000,97871-00-00,Adjustment of orthodontic appliance,Adjustment of fixed or removable orthodontic appliance,483,Other orthodontic service,6,Dental services ,Orthodontics ,300,
Non-admitted,975740100,97574-01-00,Cementation of metal band to tooth; per tooth,Cementation of metal band to tooth; per tooth,469,Other restorative dental service,6,Dental services ,Orthodontics ,1500,
Non-admitted,978710030,97871-00-30,Repair of Fixed retainers,Repair of Fixed retainers,483,Other orthodontic service,6,Dental services ,Orthodontics ,500,
Non-admitted,978730010,97873-00-10,Repair of passive appliance; fixed,Repair of passive appliance; fixed,483,Other orthodontic service,6,Dental services ,Orthodontics ,400,
Non-admitted,978750000,97875-00-00,"Repair removable appliance, resin base","Repair of removable appliance, resin base",483,Other orthodontic service,6,Dental services ,Orthodontics ,500,
Non-admitted,978760000,97876-00-00,Repair clasp/spring/tooth remv aplnce,"Repair of clasp, spring or tooth on removable appliance",483,Other orthodontic service,6,Dental services ,Orthodontics ,300,
Non-admitted,978710010,97871-00-10,Repair of Fixed orthodontic appliance,Repair of fixed orthodontic appliance,483,Other orthodontic service,6,Dental services ,Orthodontics ,800,
Non-admitted,978730020,97873-00-20,Replace lost or broken Ortho Appliance,Replacement of lost or broken orthodontic appliance,483,Other orthodontic service,6,Dental services ,Orthodontics ,800,
Non-admitted,978710020,97871-00-20,Rebond of fixed retainer,Rebond of fixed retainer,483,Other orthodontic service,6,Dental services ,Orthodontics ,700,
Non-admitted,978720010,97872-00-10,Reattachment of passive appliance; fixed,Reattachment of passive appliance; Fixed,483,Other orthodontic service,6,Dental services ,Orthodontics ,150,
Non-admitted,978780000,97878-00-00,"Relining removable appliance, processed","Relining of removable appliance, processed",483,Other orthodontic service,6,Dental services ,Orthodontics ,300,
Non-admitted,978330010,97833-00-10,Removal of banding ; per arch,Removal of banding; per arch,480,Fixed orthodontic appliance,6,Dental services ,Orthodontics ,300,
Non-admitted,978740010,97874-00-10,Removal of passive appliance; fixed,Removal of passive appliance; Fixed,483,Other orthodontic service,6,Dental services ,Orthodontics ,300,
Non-admitted,978710060,97871-00-60,Removal of fixed orthodontic appliances; incomplete tx,Removal of fixed orthodontic appliances; incomplete treatment,483,Other orthodontic service,6,Dental services ,Orthodontics ,500,
Non-admitted,978790010,97879-00-10,Other and Unspecified Orthodontic procedure,Other and Unspecified Orthodontic procedure,483,Other orthodontic service,6,Dental services ,Orthodontics ,500,
Non-admitted,979110000,97911-00-00,Emergency palliative treatment ,Emergency palliative treatment ,484,Dental emergency,6,Dental services ,Adjunctive general services,400,
Non-admitted,979160010,97916-00-10,Dentist home visit,Dentist providing services at patient's home,490,Miscellaneous dental services,6,Dental services ,Adjunctive general services,1000,
Non-admitted,979440010,97944-00-10,Relaxation therapy,Relaxation therapy for facial muscles including TMJ (Temporomandibular joint),490,Miscellaneous dental services,6,Dental services ,Adjunctive general services,700,
Non-admitted,979450010,97945-00-10,Low level laser therapy; per appointment,Low level laser therapy by dentist; per appointment,490,Miscellaneous dental services,6,Dental services ,Adjunctive general services,400,
Non-admitted,979480010,97948-00-10,Dental acupuncture; per appointment,Dental acupuncture; per appointment,490,Miscellaneous dental services,6,Dental services ,Adjunctive general services,1000,
Non-admitted,979710000,97971-00-00,Adjunctive dental physical therapy for TMJ & associated structures,Adjunctive dental physical therapy for temporomandibular joint and associated structures,489,Occlusal therapy,6,Dental services ,Adjunctive general services,500,
Non-admitted,979260000,97926-00-00,Fabrication of mandibular/maxillary tray application medicament,Fabrication of mandibular or maxillary tray for self application of medicament,485,Dental drug therapy,6,Dental services ,Adjunctive general services,500,
Non-admitted,979990010,97999-00-10,Discontinued service,Discontinued service,490,Miscellaneous dental services,6,Dental services ,Adjunctive general services,part of main service and / or follow ups,
Non-admitted,979910010,97991-00-10,Missed /cancelled visit,Missed /cancelled visit,490,Miscellaneous dental services,6,Dental services ,Adjunctive general services,part of main service and / or follow ups,
Admitted/non-admitted ,979280000,97928-00-00,"IV cannula & est infusion, dental proc",Intravenous cannulation and establishment of infusion for dental procedure,485,Dental drug therapy,6,Dental services ,Adjunctive general services,700,
Non-admitted,971510000,97151-00-00,"Delivery of mouthguard, indirect","Delivery of mouthguard, indirect",455,Other preventative dental service,6,Dental services ,Adjunctive general services,400,
Non-admitted,971530000,97153-00-00,"Delivery of Bimaxillary mouthguard, indirect","Delivery of Bimaxillary mouthguard, indirect",455,Other preventative dental service,6,Dental services ,Adjunctive general services,1000,
Non-admitted,971510020,97151-00-20,Night guard,Night guard,489,Occlusal therapy,6,Dental services ,Adjunctive general services,1000,
Non-admitted,979720000,97972-00-00,Repair/adjust of occlusal guard,Repair or adjustment of occlusal guard,489,Occlusal therapy,6,Dental services ,Adjunctive general services,1000,
Non-admitted,979890010,97989-00-10,Other and unspecified Adjunctive dental service,Other and unspecified Adjunctive dental service,490,Miscellaneous dental services,6,Dental services ,Adjunctive general services,1200,
,,,,,,,,,,,